DateTime,3008,2454,1326,1101,2207,6505,2912,4904,2882,2327
20180102,4255.0,291.5,103.5,29.57132339477539,359.0,115.0,287.5,73.5999984741211,53.9533805847168,295.463623046875
20180103,4145.0,300.5,103.5,30.21857452392578,361.0,117.5,284.5,74.5999984741211,54.948829650878906,324.6761474609375
20180104,4135.0,307.0,104.5,30.09721565246582,353.5,119.0,285.5,75.0,55.14791870117188,332.6052551269531
20180105,4100.0,300.0,104.0,30.17812156677246,352.5,120.0,283.0,75.4000015258789,55.44655227661133,337.1957702636719
20180108,3930.0,298.0,105.5,30.906280517578125,358.0,122.0,287.0,76.19999694824219,55.44655227661133,333.8572082519531
20180109,3745.0,304.0,110.0,30.98718643188477,356.0,120.5,286.5,76.4000015258789,55.54609680175781,328.849365234375
20180110,3775.0,309.5,108.0,31.108545303344727,355.0,120.0,283.0,76.4000015258789,55.34700775146485,316.7470397949219
20180111,3730.0,306.0,109.0,30.33993530273437,351.5,119.5,284.0,75.5,55.14791870117188,322.58953857421875
20180112,4100.0,309.5,108.5,30.420841217041016,352.0,120.0,284.5,75.5,55.34700775146485,312.9911499023437
20180115,4030.0,313.0,109.0,30.62310791015625,353.0,120.0,286.0,75.19999694824219,56.24291229248047,295.463623046875
20180116,4000.0,312.0,108.5,30.825374603271484,360.0,120.0,285.0,75.0,56.34245681762695,300.8888244628906
20180117,3980.0,306.5,108.0,31.14900016784668,366.0,120.0,288.0,75.0999984741211,56.0438232421875,296.2982788085937
20180118,3985.0,319.5,109.0,30.62310791015625,368.0,120.5,291.0,75.0,55.6456413269043,302.1407775878906
20180119,4000.0,319.0,107.5,30.66356086730957,369.5,121.0,287.5,75.0,55.74518966674805,324.6761474609375
20180122,4000.0,319.0,109.0,30.62310791015625,368.0,120.5,287.0,75.19999694824219,55.34700775146485,346.3768615722656
20180123,3965.0,318.0,109.0,30.17812156677246,372.0,122.5,288.5,75.30000305175781,55.74518966674805,329.6839904785156
20180124,3790.0,307.5,107.5,30.17812156677246,366.5,121.5,287.0,75.0,55.44655227661133,331.353271484375
20180125,3790.0,305.5,109.0,30.420841217041016,388.0,123.0,291.0,75.69999694824219,55.34700775146485,330.101318359375
20180126,3880.0,308.0,111.0,30.906280517578125,385.0,124.0,288.5,76.0,54.45110321044922,311.32183837890625
20180129,4035.0,308.0,114.5,30.70401382446289,384.5,126.5,291.5,75.69999694824219,54.948829650878906,319.2509460449219
20180130,4055.0,299.0,109.5,30.66356086730957,373.0,124.0,286.0,76.0,54.152469635009766,311.32183837890625
20180131,4005.0,299.0,109.0,30.461294174194336,379.5,124.0,288.5,76.0,54.351558685302734,323.0068359375
20180201,4080.0,307.0,110.5,30.66356086730957,372.5,124.5,291.5,76.4000015258789,54.5506477355957,322.1722106933594
20180202,3980.0,304.5,107.0,30.66356086730957,370.0,120.5,291.0,75.9000015258789,54.45110321044922,333.8572082519531
20180205,3800.0,299.0,107.5,30.58265495300293,373.0,119.5,288.5,74.9000015258789,53.85383224487305,321.3375549316406
20180206,3420.0,286.5,103.0,28.72180557250977,341.0,113.0,276.5,74.4000015258789,50.56884765625,295.463623046875
20180207,3655.0,284.5,107.5,29.4499626159668,337.5,116.0,280.0,75.5,52.460205078125,298.3848876953125
20180208,3725.0,286.0,108.5,29.733135223388672,340.5,115.5,276.0,74.19999694824219,53.05747222900391,290.4557800292969
20180209,3575.0,283.0,105.5,28.802711486816406,332.0,116.0,273.0,73.30000305175781,52.55974960327149,276.6841735839844
20180212,3680.0,285.0,105.5,29.08588409423828,326.0,111.5,273.5,73.5,52.75883865356445,260.4086303710937
20180221,3950.0,304.5,109.5,30.09721565246582,337.0,115.5,280.5,74.5,53.75428771972656,272.0936279296875
20180222,3845.0,302.0,106.5,29.53087043762207,329.0,113.0,282.0,73.30000305175781,53.9533805847168,272.92828369140625
20180223,3950.0,300.5,109.0,29.814043045043945,336.0,115.5,287.0,73.80000305175781,54.45110321044922,271.25897216796875
20180226,3780.0,296.5,109.0,29.57132339477539,329.0,118.0,303.5,73.69999694824219,54.05292510986328,271.25897216796875
20180227,3695.0,301.0,108.5,29.935401916503903,325.5,117.0,294.5,74.0,54.25201416015625,275.8495178222656
20180301,3900.0,299.5,106.0,29.935401916503903,328.0,114.5,294.5,73.4000015258789,53.65474319458008,288.7864990234375
20180302,3870.0,302.5,105.0,29.854496002197266,325.5,112.5,290.5,73.0,53.05747222900391,305.06201171875
20180305,3700.0,295.0,105.0,29.36905670166016,323.5,111.5,288.0,73.30000305175781,52.36066055297852,314.6604309082031
20180306,3655.0,301.0,106.0,29.53087043762207,327.5,114.0,287.5,74.0,52.55974960327149,320.0856018066406
20180307,3690.0,300.0,105.5,29.4499626159668,320.0,113.0,288.0,74.5,52.261112213134766,328.4320373535156
20180308,3715.0,309.5,105.5,29.4499626159668,313.5,114.5,287.0,75.4000015258789,52.16156768798828,334.2745361328125
20180309,3860.0,310.5,105.5,29.65222930908203,313.5,113.5,291.0,73.80000305175781,51.76338958740234,338.44775390625
20180312,3955.0,317.0,107.5,30.09721565246582,316.0,116.0,293.0,73.5,54.25201416015625,342.2036437988281
20180313,4045.0,319.0,107.0,30.33993530273437,318.0,117.5,295.5,73.5,53.65474319458008,349.7154235839844
20180314,3960.0,313.5,107.5,30.33993530273437,317.0,117.5,292.0,73.9000015258789,53.65474319458008,338.44775390625
20180315,3785.0,318.0,107.0,30.420841217041016,311.0,117.0,293.5,74.5,53.157020568847656,348.4634704589844
20180316,3690.0,317.0,110.0,30.420841217041016,302.5,116.0,302.0,74.0,53.157020568847656,354.7232971191406
20180319,3710.0,334.0,109.5,30.38038825988769,297.0,116.0,298.0,74.5,53.35610961914063,368.07757568359375
20180320,3555.0,342.5,110.5,30.21857452392578,298.5,115.5,298.5,74.9000015258789,52.95792770385742,389.7782897949219
20180321,3650.0,336.0,111.0,30.21857452392578,301.5,106.0,299.5,75.0,53.157020568847656,407.3057861328125
20180322,3595.0,336.0,111.0,30.38038825988769,295.5,116.5,294.5,75.5999984741211,53.157020568847656,423.16400146484375
20180323,3400.0,328.0,110.0,29.935401916503903,296.5,117.5,293.0,75.0999984741211,51.96247863769531,403.96722412109375
20180326,3500.0,347.0,109.5,29.61177635192871,294.5,118.5,295.0,75.5999984741211,52.55974960327149,396.4554443359375
20180327,3420.0,342.5,110.0,30.0567626953125,300.0,119.5,297.0,76.0999984741211,53.05747222900391,419.825439453125
20180328,3365.0,333.0,109.0,29.935401916503903,296.5,118.5,297.0,76.19999694824219,52.261112213134766,413.1482849121094
20180329,3315.0,331.0,109.0,29.57132339477539,290.5,118.5,293.0,77.0,51.564300537109375,434.0143737792969
20180330,3330.0,340.0,108.5,29.61177635192871,294.5,119.5,296.0,78.0,51.66384506225586,435.68365478515625
20180402,3185.0,336.5,107.5,29.65222930908203,291.5,117.0,295.5,77.4000015258789,52.261112213134766,419.825439453125
20180403,3185.0,328.0,107.5,29.894948959350582,291.0,116.0,298.0,76.80000305175781,51.76338958740234,426.5025939941406
20180409,3000.0,327.5,112.0,30.21857452392578,295.5,119.0,299.5,78.19999694824219,52.75883865356445,444.0300903320313
20180410,3250.0,327.0,112.5,30.906280517578125,290.0,117.5,302.5,78.5999984741211,52.75883865356445,454.8804626464844
20180411,3230.0,339.0,111.5,31.108545303344727,296.5,119.5,300.5,78.5999984741211,53.05747222900391,454.0458068847656
20180412,3300.0,331.5,110.5,30.825374603271484,297.0,120.0,301.5,78.19999694824219,53.05747222900391,460.7229614257813
20180413,3460.0,336.0,110.0,30.906280517578125,295.0,120.5,303.0,78.30000305175781,52.55974960327149,467.4000854492188
20180416,3550.0,342.0,109.5,30.946733474731445,295.0,119.0,300.5,78.0999984741211,52.261112213134766,514.1400756835938
20180417,3580.0,340.0,108.0,30.74446678161621,295.5,117.5,301.5,78.0,51.36520767211914,504.1243896484375
20180418,3525.0,362.0,108.5,30.906280517578125,297.0,118.5,302.5,78.0999984741211,51.76338958740234,554.2029418945312
20180419,3490.0,360.5,109.5,31.55353164672852,294.5,119.0,305.5,78.19999694824219,52.65929412841797,542.5179443359375
20180420,3420.0,354.5,109.0,31.351266860961918,299.5,119.5,303.5,77.69999694824219,52.261112213134766,519.14794921875
20180423,3255.0,350.5,108.0,31.472625732421875,297.0,119.0,295.0,78.0,52.261112213134766,570.8958129882812
20180424,3220.0,341.5,107.0,33.05030059814453,295.0,117.5,295.0,77.5999984741211,52.261112213134766,533.3369140625
20180425,3250.0,337.0,107.5,32.524410247802734,292.0,120.5,295.0,77.4000015258789,51.96247863769531,487.4315185546875
20180426,3295.0,323.5,108.5,32.76713180541992,291.0,119.0,293.0,77.5999984741211,52.55974960327149,494.9433288574219
20180427,3265.0,339.5,108.5,32.605316162109375,290.5,119.0,292.5,77.69999694824219,53.25656509399414,494.9433288574219
20180430,3480.0,340.0,109.5,33.05030059814453,291.5,121.5,292.5,78.4000015258789,53.25656509399414,523.3211669921875
20180502,3700.0,331.0,110.5,33.05030059814453,293.0,120.0,294.5,77.80000305175781,53.25656509399414,546.691162109375
20180503,3685.0,320.0,109.5,31.87715721130371,290.5,118.5,292.5,77.30000305175781,52.65929412841797,545.0219116210938
20180504,3640.0,325.5,109.0,31.998517990112305,285.0,118.0,290.5,77.0999984741211,52.55974960327149,562.5493774414062
20180507,4000.0,318.5,110.5,32.686222076416016,287.5,118.5,290.5,76.69999694824219,52.75883865356445,618.470458984375
20180508,3990.0,325.0,111.0,33.009849548339844,287.0,121.5,293.5,76.9000015258789,53.25656509399414,599.273681640625
20180509,4000.0,328.0,110.0,32.84803771972656,290.5,120.5,289.5,75.0,53.35610961914063,641.8405151367188
20180510,3980.0,329.5,110.5,33.252567291259766,287.5,123.0,301.0,74.4000015258789,53.05747222900391,705.2733764648438
20180511,4075.0,319.5,114.5,33.37392807006836,288.0,125.5,303.0,75.0,54.351558685302734,692.7537231445312
20180514,4205.0,320.0,114.5,34.91115188598633,288.5,125.5,302.0,74.5,54.74973678588867,762.029052734375
20180515,4090.0,319.0,112.5,35.1943244934082,287.0,122.5,306.5,74.9000015258789,53.75428771972656,834.6430053710938
20180516,4050.0,319.0,115.5,37.13608169555664,286.5,123.5,307.5,75.0999984741211,54.65019226074219,772.8794555664062
20180517,3920.0,310.0,117.5,36.933815002441406,280.5,125.5,305.0,75.0999984741211,54.65019226074219,704.438720703125
20180518,4010.0,313.0,117.5,36.8529052734375,281.0,124.0,312.0,76.30000305175781,54.152469635009766,739.4937133789062
20180521,4040.0,314.0,118.0,37.21698760986328,280.5,125.5,310.5,76.69999694824219,54.74973678588867,812.9423217773438
20180522,3980.0,320.5,116.5,36.89336013793945,282.5,125.0,305.5,76.80000305175781,54.45110321044922,812.9423217773438
20180523,3920.0,320.0,116.5,35.67976379394531,277.0,122.0,307.5,77.5999984741211,53.75428771972656,736.9898071289062
20180524,4000.0,322.0,117.0,36.20565414428711,278.0,122.5,311.0,77.5,53.9533805847168,762.029052734375
20180525,3995.0,324.0,115.0,35.517948150634766,277.5,122.5,308.0,78.69999694824219,53.65474319458008,808.7691040039062
20180528,4085.0,318.5,117.0,35.55840301513672,275.5,121.0,307.0,78.30000305175781,53.85383224487305,888.8948364257812
20180529,4255.0,315.0,117.5,35.11341857910156,278.5,120.5,309.0,77.0999984741211,53.85383224487305,909.7609252929688
20180530,4200.0,310.0,116.5,35.39659118652344,268.5,118.0,305.0,76.0,52.65929412841797,863.8555297851562
20180531,4100.0,311.5,115.0,35.275230407714844,273.5,121.5,307.0,76.4000015258789,53.35610961914063,793.7455444335938
20180601,4245.0,319.0,115.0,35.39659118652344,268.0,122.0,312.0,77.30000305175781,53.25656509399414,819.6194458007812
20180604,4415.0,329.5,117.0,36.933815002441406,274.0,123.5,315.0,76.9000015258789,53.75428771972656,893.0680541992188
20180605,4450.0,325.0,115.5,36.56973648071289,282.5,121.5,322.5,76.80000305175781,54.05292510986328,855.5090942382812
20180606,4625.0,331.0,115.5,36.24610900878906,282.5,124.0,319.0,76.80000305175781,54.65019226074219,938.973388671875
20180607,4645.0,331.0,116.5,36.20565414428711,286.0,124.5,314.5,78.0999984741211,54.74973678588867,1026.6109619140625
20180608,4545.0,330.0,116.0,36.40792083740234,280.5,124.0,316.0,77.5999984741211,54.74973678588867,984.8787841796876
20180611,4550.0,332.5,116.0,36.08429718017578,285.5,123.5,315.5,77.4000015258789,55.14791870117188,1009.9180908203124
20180612,4440.0,324.0,116.0,36.003387451171875,288.0,123.0,317.5,77.0,54.84928131103516,947.31982421875
20180613,4730.0,320.5,115.5,36.77199935913086,289.0,121.0,319.0,78.0,55.24746322631836,943.1466064453124
20180614,4620.0,315.0,113.5,36.3270149230957,280.5,119.5,313.5,76.9000015258789,54.25201416015625,901.4144897460938
20180615,4590.0,315.0,112.5,36.61018753051758,287.5,121.0,313.0,76.19999694824219,55.04837417602539,947.31982421875
20180619,4350.0,312.0,111.0,35.47749710083008,278.0,118.5,322.0,75.5,54.74973678588867,863.8555297851562
20180620,4405.0,310.0,114.5,36.20565414428711,283.5,121.0,323.0,77.5999984741211,55.24746322631836,842.9894409179688
20180621,4495.0,312.0,115.5,36.20565414428711,278.0,119.5,334.0,77.69999694824219,55.6456413269043,823.7926635742188
20180622,4370.0,310.5,117.5,36.08429718017578,277.0,120.0,331.0,77.69999694824219,55.74518966674805,786.2337036132812
20180625,4440.0,310.0,118.0,36.16520309448242,270.5,119.5,335.0,78.0999984741211,55.34700775146485,792.0762329101562
20180626,4525.0,296.5,118.0,35.356136322021484,270.0,121.5,349.0,78.19999694824219,52.75883865356445,863.8555297851562
20180627,4360.0,296.5,118.0,34.789791107177734,267.0,121.0,340.5,78.5999984741211,52.55974960327149,851.3358764648438
20180628,4360.0,297.0,117.5,34.304351806640625,267.0,121.0,341.0,78.80000305175781,52.75883865356445,880.5484008789062
20180629,4490.0,300.0,121.5,34.26390075683594,268.5,122.5,345.5,78.80000305175781,53.5551986694336,938.973388671875
20180702,4560.0,305.0,123.5,33.85936737060547,265.5,121.0,338.5,77.30000305175781,52.95792770385742,1026.6109619140625
20180703,4530.0,304.5,124.0,34.5875244140625,260.5,123.0,339.5,78.30000305175781,51.86293411254883,972.359130859375
20180704,4450.0,298.0,127.0,33.98072814941406,262.0,115.5,344.5,78.9000015258789,51.66384506225586,984.8787841796876
20180705,4540.0,281.5,116.5,34.02117919921875,260.0,119.0,341.5,78.9000015258789,51.16611862182617,930.626953125
20180706,4605.0,285.0,113.0,33.657100677490234,261.0,116.0,346.5,78.9000015258789,50.76794052124024,980.70556640625
20180709,4920.0,272.5,115.5,34.5875244140625,260.5,117.5,351.5,79.0999984741211,51.464752197265625,1020.0
20180710,4840.0,280.0,114.5,34.99205780029297,263.5,118.0,350.0,79.30000305175781,51.564300537109375,1045.0
20180711,4800.0,276.0,114.0,34.10208511352539,263.0,119.0,353.0,75.30000305175781,50.9670295715332,965.0
20180712,4930.0,283.0,114.0,34.54707336425781,268.0,118.5,351.0,74.0,51.86293411254883,1005.0
20180713,5040.0,285.0,115.5,35.1943244934082,277.0,121.0,356.0,72.9000015258789,51.96247863769531,998.0
20180716,5040.0,282.5,114.5,34.385257720947266,273.0,119.0,350.0,72.9000015258789,51.76338958740234,962.0
20180717,4995.0,285.5,112.5,34.10208511352539,264.0,118.5,347.5,73.5,51.96247863769531,904.0
20180718,5020.0,281.0,113.5,34.1829948425293,270.0,120.5,350.5,73.9000015258789,52.460205078125,860.0
20180719,5055.0,284.0,113.0,34.5875244140625,266.0,120.0,349.0,73.30000305175781,52.16156768798828,892.0
20180720,5270.0,280.0,113.0,34.223445892333984,266.0,120.5,358.0,73.0999984741211,52.0620231628418,812.0
20180723,5175.0,271.5,114.0,34.50661849975586,266.5,121.0,372.0,73.0999984741211,52.0620231628418,843.0
20180724,5200.0,255.0,116.0,36.81245422363281,266.5,120.5,367.5,73.19999694824219,51.86293411254883,893.0
20180725,5225.0,262.5,115.5,36.48882675170898,263.5,119.5,331.0,72.5,51.86293411254883,925.0
20180726,5200.0,263.0,118.0,36.04384231567383,265.5,120.0,335.5,73.0999984741211,51.86293411254883,915.0
20180727,5260.0,267.5,118.5,35.865848541259766,266.0,120.0,330.5,72.69999694824219,52.16156768798828,933.0
20180730,5180.0,260.0,118.5,36.22183609008789,268.0,119.0,330.0,72.69999694824219,51.96247863769531,840.0
20180731,5150.0,254.0,120.5,35.0203742980957,266.0,120.5,336.5,72.5999984741211,52.460205078125,781.0
20180801,5050.0,275.0,120.0,36.5333251953125,268.0,120.5,306.0,72.0999984741211,52.261112213134766,795.0
20180802,5005.0,269.0,118.0,36.13283920288086,268.0,118.5,305.5,71.5999984741211,51.76338958740234,716.0
20180803,5130.0,274.0,118.5,35.99934387207031,266.5,121.0,310.0,71.69999694824219,52.55974960327149,730.0
20180806,5130.0,273.0,119.0,35.91034698486328,267.5,121.5,311.0,71.5999984741211,52.75883865356445,724.0
20180807,5015.0,275.5,120.0,35.73235321044922,263.0,119.0,309.0,71.69999694824219,52.261112213134766,788.0
20180808,5060.0,277.5,121.0,36.13283920288086,267.0,121.0,313.0,71.80000305175781,52.75883865356445,742.0
20180809,5100.0,275.0,119.5,36.04384231567383,265.5,120.0,307.0,71.5999984741211,52.460205078125,720.0
20180810,5080.0,274.5,119.0,36.933815002441406,264.0,120.5,309.5,71.69999694824219,52.75883865356445,651.0
20180813,4630.0,263.5,117.0,37.51229476928711,260.0,119.5,307.0,71.4000015258789,51.76338958740234,597.0
20180814,4630.0,265.0,118.0,38.535762786865234,260.0,120.5,313.0,71.0999984741211,51.96247863769531,637.0
20180815,4455.0,260.0,118.0,37.69028854370117,256.0,120.5,315.5,70.9000015258789,51.66384506225586,610.0
20180816,4520.0,247.5,118.5,37.37879943847656,254.5,120.5,319.0,70.19999694824219,51.265663146972656,663.0
20180817,4430.0,247.0,118.0,37.42329788208008,252.5,121.0,317.5,70.4000015258789,51.564300537109375,630.0
20180820,4590.0,247.0,117.5,37.37879943847656,252.5,123.5,308.0,71.0,51.06657409667969,662.0
20180821,4700.0,245.5,119.0,38.17977523803711,260.5,125.0,317.5,71.4000015258789,51.66384506225586,673.0
20180822,4490.0,247.5,120.0,38.22427368164063,258.0,125.0,323.0,71.80000305175781,51.86293411254883,650.0
20180823,4485.0,253.0,123.0,38.35776901245117,263.0,125.0,324.0,72.0999984741211,52.261112213134766,628.0
20180824,4505.0,250.0,121.5,38.09077835083008,262.0,127.0,324.0,72.5,52.55974960327149,643.0
20180827,4615.0,247.5,123.5,38.535762786865234,263.5,128.0,326.5,72.5999984741211,52.55974960327149,695.0
20180828,4765.0,252.0,123.0,38.535762786865234,265.0,128.0,328.0,73.0999984741211,52.460205078125,675.0
20180829,4760.0,256.0,122.0,38.624759674072266,266.5,128.0,330.5,72.4000015258789,52.36066055297852,705.0
20180830,4745.0,256.0,121.5,37.37879943847656,265.5,125.0,329.5,72.69999694824219,51.96247863769531,696.0
20180831,4705.0,251.5,123.0,37.69028854370117,266.0,126.0,335.0,73.19999694824219,52.36066055297852,698.0
20180903,4690.0,249.5,120.0,36.80031967163086,263.0,124.5,327.5,72.9000015258789,51.76338958740234,629.0
20180904,4890.0,253.5,121.5,37.4677963256836,265.0,126.5,327.0,72.80000305175781,51.96247863769531,630.0
20180905,4890.0,254.0,120.0,36.97831344604492,258.0,124.0,322.0,72.0,51.564300537109375,611.0
20180906,4640.0,255.0,119.5,37.2008056640625,256.0,124.0,330.0,72.30000305175781,51.265663146972656,595.0
20180907,4730.0,248.0,120.0,36.755821228027344,253.5,123.5,332.5,72.9000015258789,50.9670295715332,545.0
20180910,4360.0,242.5,118.5,33.7744140625,256.0,124.5,338.0,73.19999694824219,50.66839218139648,532.0
20180911,4340.0,244.0,118.5,33.81891250610352,257.5,125.5,347.0,73.4000015258789,50.27021408081055,546.0
20180912,4210.0,244.0,118.0,34.30839920043945,254.0,127.5,353.0,73.5999984741211,50.27021408081055,528.0
20180913,4110.0,242.0,120.5,34.797882080078125,256.0,133.0,363.0,74.0999984741211,50.27021408081055,508.0
20180914,4405.0,245.5,121.5,35.28736877441406,262.5,132.0,352.5,74.0999984741211,50.9670295715332,534.0
20180917,4285.0,243.5,121.0,34.97587585449219,257.0,129.5,357.0,73.9000015258789,50.9670295715332,533.0
20180918,3860.0,244.5,121.0,35.33186340332031,257.5,132.5,352.0,74.30000305175781,50.66839218139648,501.0
20180919,3865.0,245.0,122.0,35.73235321044922,264.5,137.0,359.0,74.4000015258789,51.16611862182617,479.0
20180920,3800.0,238.0,122.0,35.6878547668457,260.0,139.0,346.5,74.0999984741211,51.96247863769531,490.0
20180921,3870.0,243.0,128.0,35.9548454284668,260.5,147.0,355.0,74.0999984741211,52.65929412841797,514.0
20180925,3730.0,243.5,126.5,35.776851654052734,260.5,142.0,350.5,74.19999694824219,52.55974960327149,506.0
20180926,3770.0,241.5,125.0,35.50986099243164,256.0,146.0,351.5,73.0999984741211,52.75883865356445,490.0
20180927,3780.0,241.5,127.5,35.82135009765625,262.0,148.0,360.0,73.4000015258789,52.55974960327149,466.0
20180928,3635.0,246.5,128.0,36.577823638916016,261.5,148.0,358.5,72.80000305175781,52.261112213134766,459.0
20181001,3740.0,250.0,128.5,36.5333251953125,262.5,148.5,357.5,73.19999694824219,52.65929412841797,470.0
20181002,3790.0,245.0,127.0,35.865848541259766,258.0,147.0,354.0,73.19999694824219,52.0620231628418,458.0
20181003,3720.0,246.0,124.5,35.776851654052734,259.5,140.0,355.0,72.9000015258789,51.96247863769531,451.0
20181004,3710.0,242.0,124.0,35.42086410522461,255.0,137.5,335.0,72.5,51.464752197265625,446.0
20181005,3440.0,234.5,120.5,35.33186340332031,253.5,132.5,335.5,73.30000305175781,50.9670295715332,403.0
20181008,3510.0,233.5,121.5,35.376365661621094,252.0,133.0,338.0,72.69999694824219,51.66384506225586,404.0
20181009,3590.0,228.5,124.0,35.64335632324219,252.5,135.0,346.0,72.5,52.16156768798828,423.5
20181011,3235.0,210.5,114.0,33.46292495727539,228.5,126.5,319.0,71.80000305175781,49.872032165527344,388.0
20181012,3555.0,220.0,118.5,34.708885192871094,235.0,127.0,330.5,72.0,50.36975860595703,415.0
20181015,3480.0,221.0,115.5,34.26390075683594,230.0,123.0,333.5,70.5999984741211,49.77248764038086,410.0
20181016,3330.0,222.0,115.5,33.99690628051758,227.0,125.5,333.0,71.0999984741211,50.17066955566406,419.0
20181017,3330.0,224.5,114.5,34.04140853881836,222.0,123.0,326.0,71.5999984741211,49.77248764038086,418.0
20181018,3315.0,225.0,114.0,33.81891250610352,217.0,123.0,335.0,72.0,49.77248764038086,421.5
20181019,3415.0,222.5,113.5,33.15143585205078,206.5,119.5,335.0,71.9000015258789,50.07112503051758,394.0
20181022,3505.0,221.5,114.5,33.418426513671875,210.5,123.0,334.0,72.30000305175781,50.07112503051758,390.0
20181023,3335.0,214.0,113.0,32.038970947265625,208.0,120.5,329.5,72.4000015258789,49.07567596435547,366.0
20181024,3385.0,214.0,112.0,30.39252471923828,206.5,120.5,338.0,73.0,49.52362823486328,349.0
20181025,3290.0,210.0,107.5,30.2590274810791,205.0,122.0,338.0,72.69999694824219,48.4784049987793,315.5
20181026,3210.0,202.0,107.5,29.814043045043945,201.5,118.5,343.0,72.0999984741211,47.18431854248047,324.0
20181029,3295.0,208.0,108.5,30.17003059387207,206.5,118.5,338.0,72.5,47.28386688232422,320.0
20181030,3165.0,207.0,108.0,30.348024368286133,208.0,118.5,346.5,73.0,48.12999725341797,298.0
20181031,3350.0,227.5,112.0,30.882007598876957,213.5,122.0,349.0,73.69999694824219,48.77703857421875,315.5
20181101,3335.0,223.5,110.0,31.727481842041016,209.5,122.0,344.5,72.5,48.52817535400391,347.0
20181102,3525.0,227.5,109.0,32.439456939697266,215.0,120.5,342.0,71.5,49.27476501464844,345.5
20181105,3435.0,230.0,111.5,31.46048927307129,214.0,121.5,338.5,72.19999694824219,49.37430953979492,340.0
20181106,3220.0,230.0,110.0,31.23799705505371,212.5,120.5,328.0,71.69999694824219,49.17522048950195,308.0
20181107,3280.0,235.0,110.5,31.59398460388184,215.5,120.0,316.5,72.9000015258789,49.872032165527344,331.0
20181108,3200.0,235.0,110.0,31.59398460388184,219.0,119.5,324.5,72.9000015258789,50.66839218139648,324.0
20181109,3080.0,228.5,107.5,31.06000328063965,217.5,117.0,317.5,73.19999694824219,50.76794052124024,329.0
20181112,3050.0,234.5,107.5,31.6829833984375,217.5,117.0,316.5,72.9000015258789,50.56884765625,310.0
20181113,3200.0,231.0,106.5,32.39495849609375,212.5,113.0,316.0,73.4000015258789,49.97158050537109,311.0
20181114,3190.0,230.0,106.0,32.350460052490234,217.0,111.0,317.0,73.9000015258789,50.17066955566406,306.0
20181115,3095.0,231.5,107.5,32.17246627807617,219.5,111.0,321.0,73.4000015258789,50.56884765625,312.0
20181116,3130.0,220.0,108.0,32.439456939697266,221.0,112.0,317.0,73.69999694824219,50.46930313110352,310.0
20181119,3235.0,223.5,108.0,32.48395538330078,231.0,115.0,320.0,73.9000015258789,50.76794052124024,317.5
20181120,3315.0,225.0,107.5,32.617454528808594,227.5,115.0,321.5,73.80000305175781,49.97158050537109,321.0
20181121,3345.0,223.0,107.0,31.77198028564453,228.5,112.0,322.0,74.4000015258789,49.97158050537109,340.0
20181122,3275.0,222.5,107.5,31.015504837036133,227.5,115.0,321.0,73.9000015258789,50.17066955566406,332.0
20181123,3310.0,222.0,107.0,30.882007598876957,224.5,113.5,319.5,74.5,49.72271728515625,319.0
20181126,3450.0,228.0,106.5,31.46048927307129,227.0,112.5,321.5,74.30000305175781,49.32453536987305,327.0
20181127,3485.0,232.0,104.5,29.814043045043945,228.5,113.0,322.5,73.5,48.82681274414063,340.0
20181128,3475.0,236.5,104.5,30.30352783203125,234.0,114.0,328.0,74.0,48.57794952392578,357.5
20181129,3515.0,231.5,104.5,30.30352783203125,231.5,111.0,323.5,73.0999984741211,48.32908630371094,359.5
20181130,3370.0,237.5,106.5,30.70401382446289,237.0,111.5,318.0,72.5,48.32908630371094,370.0
20181203,3705.0,245.5,107.5,31.90547561645508,240.0,115.5,318.5,72.5,48.876583099365234,407.0
20181204,3500.0,252.0,107.0,31.193498611450195,247.0,112.5,316.5,72.19999694824219,48.72726821899414,401.5
20181205,3370.0,244.5,106.0,31.015504837036133,245.5,113.0,318.0,72.4000015258789,48.17977142333984,388.0
20181206,3035.0,229.5,105.5,30.83750915527344,241.0,110.5,307.0,71.80000305175781,48.03045272827149,349.5
20181207,3100.0,233.5,105.5,31.193498611450195,242.0,113.0,313.0,72.80000305175781,47.930908203125,356.5
20181210,3055.0,229.0,105.0,30.9265079498291,238.5,113.0,308.0,72.4000015258789,47.3834114074707,323.5
20181211,3175.0,228.0,104.5,30.971004486083984,240.0,112.0,319.5,72.5999984741211,47.3834114074707,332.0
20181212,3345.0,233.0,105.5,31.104501724243164,247.5,112.5,313.0,72.5,47.28386688232422,338.5
20181213,3320.0,237.5,105.5,31.59398460388184,253.0,113.0,318.5,72.9000015258789,48.03045272827149,314.5
20181214,3260.0,236.0,105.0,31.816478729248047,251.5,111.0,315.0,72.4000015258789,47.33363723754883,320.0
20181217,3300.0,235.0,105.5,32.038970947265625,251.0,112.5,316.0,72.69999694824219,47.48295593261719,321.5
20181218,3250.0,234.5,105.5,31.727481842041016,254.0,110.5,314.5,72.30000305175781,46.9852294921875,320.0
20181219,3320.0,236.0,106.0,32.038970947265625,258.5,111.5,319.5,72.5999984741211,47.035003662109375,320.0
20181220,3225.0,225.0,106.0,31.504987716674805,253.0,109.5,318.5,72.80000305175781,46.78614044189453,314.0
20181221,3270.0,223.5,105.0,31.504987716674805,256.5,109.0,309.5,72.0,46.736366271972656,328.0
20181224,3270.0,225.0,103.0,31.86097717285156,252.5,104.5,311.0,72.69999694824219,46.28841400146485,331.0
20181225,3165.0,221.0,101.5,31.90547561645508,246.5,103.0,308.5,72.0,45.79069137573242,328.5
20181226,3125.0,220.0,100.0,31.504987716674805,245.5,103.0,307.0,72.0,45.79069137573242,314.0
20181227,3135.0,225.0,102.5,31.504987716674805,250.0,109.5,312.0,72.0999984741211,46.48750686645508,321.0
20181228,3215.0,229.5,105.0,31.6829833984375,255.5,109.0,311.0,76.4000015258789,46.78614044189453,319.0
20190102,3060.0,220.5,99.6999969482422,31.59398460388184,247.0,103.0,300.5,72.4000015258789,45.69114685058594,314.0
20190103,3030.0,223.5,100.0,31.282495498657227,251.0,104.0,299.5,72.30000305175781,44.944557189941406,303.0
20190104,2905.0,217.0,99.8000030517578,31.54948616027832,250.0,104.5,302.0,72.30000305175781,44.347286224365234,289.5
20190107,3105.0,219.0,104.5,32.038970947265625,257.0,109.0,313.0,73.69999694824219,44.99433135986328,296.5
20190108,3145.0,222.0,107.0,31.63848304748535,254.0,107.5,313.0,73.0999984741211,44.944557189941406,294.0
20190109,3335.0,226.0,108.5,32.350460052490234,260.0,114.0,319.5,72.9000015258789,45.74091720581055,303.5
20190110,3280.0,226.0,107.0,32.5284538269043,260.0,111.5,321.5,72.9000015258789,45.64137268066406,304.5
20190111,3550.0,227.5,106.0,32.39495849609375,258.5,110.5,321.0,72.69999694824219,45.34273910522461,306.0
20190114,3570.0,231.5,106.0,31.6829833984375,259.5,109.5,316.0,73.0999984741211,44.19797134399414,307.0
20190115,3600.0,233.0,106.0,31.77198028564453,262.0,111.0,316.0,73.19999694824219,43.550926208496094,314.0
20190116,3570.0,237.0,105.5,31.6829833984375,259.0,109.0,312.5,72.5999984741211,43.401611328125,317.5
20190117,3540.0,237.0,106.5,31.54948616027832,260.5,109.0,314.5,72.5999984741211,43.60070037841797,313.5
20190118,3785.0,244.0,106.5,32.038970947265625,266.5,110.5,320.0,72.69999694824219,43.30206680297852,318.5
20190121,3720.0,244.5,108.0,32.2614631652832,281.0,112.0,317.0,72.5,43.60070037841797,320.0
20190122,3750.0,242.0,108.0,32.2614631652832,286.5,111.0,319.0,72.4000015258789,43.99888229370117,316.5
20190123,3710.0,241.0,106.5,32.439456939697266,281.5,110.0,317.0,72.0,43.550926208496094,316.5
20190124,3725.0,244.5,105.0,32.39495849609375,283.5,107.5,321.0,72.30000305175781,43.351837158203125,315.0
20190125,3740.0,248.0,107.5,32.57295227050781,290.0,108.5,323.0,72.19999694824219,43.30206680297852,328.5
20190128,3720.0,248.5,107.5,32.9289436340332,292.0,110.0,323.0,71.9000015258789,43.60070037841797,328.0
20190129,3780.0,245.5,106.0,33.017940521240234,290.0,108.5,323.0,71.5,43.70024490356445,321.0
20190130,3780.0,243.0,106.5,33.24043273925781,293.0,107.5,322.5,71.5999984741211,43.401611328125,321.5
20190211,3975.0,259.5,103.5,33.507423400878906,293.0,106.5,318.0,72.0,43.351837158203125,328.0
20190212,4000.0,257.5,104.5,33.55192184448242,292.5,109.0,319.5,71.80000305175781,43.70024490356445,352.0
20190213,3990.0,259.0,103.5,33.507423400878906,286.5,108.5,313.5,71.0,44.098426818847656,382.5
20190214,3990.0,255.5,104.0,33.37392807006836,286.5,112.0,314.0,71.0999984741211,44.347286224365234,375.5
20190215,3930.0,252.0,104.0,33.329429626464844,290.0,112.0,317.0,71.19999694824219,43.99888229370117,360.0
20190218,3970.0,253.5,104.0,32.83994674682617,281.0,115.5,315.0,71.5,44.19797134399414,371.5
20190219,3980.0,250.0,104.5,33.418426513671875,275.5,115.0,312.0,71.5,44.39706039428711,368.0
20190220,4095.0,255.5,105.5,33.68541717529297,288.5,116.0,318.0,71.5999984741211,44.944557189941406,373.0
20190221,4150.0,259.0,105.5,34.97587585449219,300.0,116.5,317.0,71.5,45.19342041015625,381.0
20190222,4255.0,264.0,106.0,34.44189453125,315.0,115.0,318.5,71.5,45.19342041015625,375.5
20190225,4390.0,282.5,107.0,34.21940231323242,330.0,116.0,317.0,72.0999984741211,45.34273910522461,375.0
20190226,4330.0,276.5,106.0,33.99690628051758,329.0,117.0,317.0,71.5999984741211,45.292964935302734,372.0
20190227,4360.0,280.0,105.5,34.174903869628906,334.5,116.5,318.5,72.0999984741211,45.093875885009766,346.0
20190304,4365.0,277.0,106.5,33.99690628051758,330.0,116.5,304.0,72.0,44.69569396972656,349.5
20190305,4370.0,273.0,106.5,33.81891250610352,323.5,116.5,299.0,71.9000015258789,44.39706039428711,340.0
20190306,4495.0,280.0,107.5,34.04140853881836,332.5,117.5,299.5,71.69999694824219,44.74546813964844,339.5
20190307,4490.0,274.0,108.5,33.81891250610352,332.5,116.5,299.5,71.80000305175781,44.44683456420898,336.0
20190308,4485.0,267.5,108.5,33.81891250610352,338.5,116.0,298.0,71.69999694824219,44.24774169921875,336.5
20190311,4490.0,270.0,108.0,33.68541717529297,349.5,115.0,299.0,71.30000305175781,44.19797134399414,339.5
20190312,4620.0,270.5,108.5,34.174903869628906,350.0,115.0,299.0,71.30000305175781,44.79523849487305,332.0
20190313,4750.0,273.0,108.0,34.26390075683594,343.0,113.5,298.0,72.0,44.944557189941406,338.0
20190314,4785.0,272.5,107.5,34.35289764404297,353.0,112.0,294.0,71.5,44.8947868347168,339.0
20190315,4640.0,276.0,108.0,34.397396087646484,379.5,116.0,298.0,71.9000015258789,45.243194580078125,345.5
20190318,4670.0,278.0,109.5,33.64091873168945,378.0,116.5,296.5,72.5,45.59159851074219,341.0
20190319,4720.0,275.5,109.5,33.90790939331055,372.0,114.5,295.0,72.5999984741211,46.4377326965332,333.5
20190320,4695.0,274.5,108.5,33.8634147644043,376.0,114.5,297.0,72.9000015258789,46.736366271972656,334.5
20190321,4745.0,277.5,109.5,34.57538986206055,369.5,114.5,299.0,73.30000305175781,46.53727722167969,334.5
20190322,4665.0,284.0,109.0,34.44189453125,370.0,115.5,297.0,73.30000305175781,45.98978042602539,331.0
20190325,4495.0,276.5,108.5,36.04384231567383,365.0,113.5,294.5,73.0,45.19342041015625,318.0
20190326,4620.0,281.0,109.0,35.99934387207031,367.0,114.0,294.5,73.0,45.04410171508789,323.0
20190327,4645.0,279.5,110.0,36.088340759277344,372.0,114.0,295.0,73.0999984741211,44.29751586914063,324.0
20190328,4635.0,276.5,109.5,36.48882675170898,370.5,113.5,297.5,73.69999694824219,43.79978942871094,322.0
20190329,4600.0,282.5,112.0,36.71132278442383,377.5,115.5,303.5,74.30000305175781,44.74546813964844,323.0
20190401,4480.0,285.5,110.0,36.80031967163086,371.0,113.5,298.0,73.30000305175781,44.29751586914063,321.0
20190402,4625.0,290.5,110.0,36.844818115234375,377.0,113.5,295.5,73.30000305175781,44.59614944458008,320.0
20190403,4550.0,290.5,109.0,37.11180877685547,376.5,114.5,293.0,72.5999984741211,44.59614944458008,330.0
20190408,4600.0,294.5,109.0,37.645790100097656,394.0,113.5,293.0,73.0,44.098426818847656,324.5
20190409,4850.0,299.5,109.0,37.51229476928711,407.0,114.5,293.5,73.5999984741211,44.098426818847656,330.0
20190410,4770.0,300.0,108.5,37.37879943847656,410.0,114.5,293.0,73.80000305175781,43.99888229370117,329.0
20190411,4690.0,291.5,110.0,37.42329788208008,399.5,113.0,292.0,73.80000305175781,43.9491081237793,329.0
20190412,4600.0,293.5,108.5,37.37879943847656,400.5,113.5,291.0,74.30000305175781,43.89933776855469,326.0
20190415,4600.0,296.5,108.5,37.82378387451172,402.0,113.5,290.5,74.30000305175781,43.9491081237793,330.5
20190416,4705.0,300.0,108.5,37.645790100097656,412.5,114.5,291.0,74.69999694824219,43.89933776855469,332.5
20190417,4625.0,288.5,108.5,37.33430099487305,419.0,115.0,288.5,74.5999984741211,43.89933776855469,345.0
20190418,4630.0,291.0,109.0,37.02281188964844,422.0,114.5,281.0,74.69999694824219,43.99888229370117,331.0
20190419,4585.0,290.0,108.5,37.11180877685547,412.0,113.5,282.0,74.19999694824219,44.148197174072266,333.5
20190422,4570.0,289.0,109.0,36.48882675170898,417.5,114.0,284.5,74.19999694824219,44.148197174072266,327.5
20190423,4630.0,290.0,109.0,37.02281188964844,421.0,115.5,285.5,74.69999694824219,44.148197174072266,321.5
20190424,4670.0,289.5,108.5,36.97831344604492,418.5,115.0,285.5,74.80000305175781,44.098426818847656,319.5
20190425,4760.0,288.0,109.5,37.2008056640625,420.0,115.0,284.0,75.0,44.148197174072266,321.5
20190426,4695.0,290.0,110.5,37.15630722045898,420.0,115.0,284.0,75.80000305175781,44.29751586914063,319.0
20190429,4665.0,287.5,111.0,37.4677963256836,449.0,115.0,284.0,75.30000305175781,44.39706039428711,300.5
20190430,4650.0,295.5,111.0,37.37879943847656,467.0,114.5,288.0,75.80000305175781,44.4966049194336,304.5
20190502,4610.0,298.0,113.0,37.55679321289063,465.0,115.0,298.0,76.0,45.44228363037109,303.5
20190503,4675.0,309.0,112.0,38.1352767944336,465.0,115.5,299.0,75.80000305175781,45.243194580078125,300.0
20190506,4745.0,306.0,111.0,37.645790100097656,464.0,113.0,298.0,75.0,44.29751586914063,293.5
20190507,4775.0,311.0,109.5,38.17977523803711,450.0,113.0,298.5,76.0,44.148197174072266,293.0
20190508,4750.0,310.0,108.5,38.26877212524414,451.5,110.5,297.5,75.19999694824219,43.84956359863281,294.5
20190509,4410.0,300.0,106.0,37.82378387451172,430.0,107.0,290.5,75.30000305175781,43.30206680297852,286.0
20190510,4455.0,298.5,107.0,37.82378387451172,435.0,106.5,299.0,75.9000015258789,43.0034294128418,280.5
20190513,4250.0,286.5,106.5,37.37879943847656,429.5,107.0,300.0,75.5999984741211,41.75911712646485,259.5
20190514,4275.0,289.0,106.0,36.97831344604492,441.0,107.0,297.5,75.80000305175781,40.26594543457031,258.0
20190515,4265.0,290.0,106.0,37.15630722045898,443.0,109.0,300.0,76.30000305175781,40.763668060302734,259.0
20190516,4250.0,288.0,106.0,37.37879943847656,440.0,111.0,298.5,75.5,39.817989349365234,249.0
20190517,3850.0,291.0,106.0,37.60129165649414,448.5,113.0,298.0,75.5999984741211,39.817989349365234,249.5
20190520,3985.0,290.0,107.0,37.69028854370117,458.5,114.5,304.5,75.5999984741211,40.01708221435547,251.5
20190521,4060.0,290.5,107.5,38.1352767944336,498.0,116.5,315.5,76.69999694824219,41.31116485595703,258.0
20190522,4085.0,287.5,107.0,38.00178146362305,486.5,116.0,306.5,76.4000015258789,40.9627571105957,253.5
20190523,3800.0,292.0,106.5,37.69028854370117,497.5,116.0,306.0,76.80000305175781,40.81344223022461,244.5
20190524,3775.0,287.0,106.0,37.69028854370117,483.5,115.0,303.0,76.4000015258789,40.415260314941406,242.0
20190527,3690.0,281.0,106.5,37.73478698730469,496.5,116.0,308.0,77.0,40.564579010009766,245.0
20190528,3745.0,280.5,106.5,37.645790100097656,505.0,113.0,304.0,76.4000015258789,40.16639709472656,245.5
20190529,3615.0,280.5,106.5,37.82378387451172,502.0,114.0,305.0,77.5,40.11662673950195,255.0
20190530,3590.0,296.5,107.0,38.09077835083008,499.5,115.0,303.0,78.19999694824219,40.31571578979492,251.0
20190531,3770.0,311.0,107.5,38.17977523803711,506.0,116.0,301.0,78.5,40.614349365234375,261.0
20190603,3735.0,314.0,106.5,38.624759674072266,503.0,116.0,304.0,78.19999694824219,40.86321258544922,262.0
20190604,3665.0,311.0,106.5,38.35776901245117,504.0,115.0,304.5,78.5,41.26139450073242,263.5
20190605,3615.0,313.0,107.5,38.26877212524414,511.0,116.5,303.0,78.4000015258789,40.91298675537109,256.0
20190606,3470.0,307.0,107.5,38.40226745605469,510.0,115.0,301.0,78.5,40.564579010009766,245.0
20190610,3520.0,316.0,107.5,39.02524566650391,518.0,116.0,303.5,78.69999694824219,41.16184997558594,251.0
20190611,3575.0,308.0,108.0,39.15874481201172,517.0,115.0,301.0,78.0,41.9084358215332,251.5
20190612,3575.0,309.5,109.5,38.93624877929688,512.0,114.5,301.0,78.30000305175781,41.70934677124024,249.0
20190613,3680.0,309.5,110.5,39.02524566650391,498.5,114.0,304.5,78.0999984741211,41.46048355102539,247.0
20190614,3630.0,307.0,110.5,39.11424255371094,503.0,115.0,300.0,78.0,41.11207580566406,251.0
20190617,3735.0,300.5,110.5,39.78172302246094,509.0,115.5,302.0,77.80000305175781,41.46048355102539,261.0
20190618,3705.0,308.5,111.5,40.226707458496094,512.0,116.5,302.0,78.19999694824219,42.00798034667969,258.0
20190619,3985.0,308.5,112.0,40.315704345703125,516.0,118.5,306.0,78.5,42.356388092041016,264.0
20190620,3910.0,310.0,111.0,40.40470123291016,517.0,111.0,307.0,78.19999694824219,42.356388092041016,270.0
20190621,3810.0,313.5,110.0,40.18220901489258,516.0,113.0,305.5,78.19999694824219,42.10752487182617,267.5
20190624,3845.0,315.5,111.0,40.58269882202149,525.0,113.0,307.0,78.80000305175781,42.356388092041016,271.0
20190625,3730.0,311.5,110.0,40.58269882202149,511.0,111.5,304.5,78.69999694824219,42.40616226196289,263.5
20190626,3700.0,310.5,102.0,40.5381965637207,504.0,111.0,300.0,78.30000305175781,42.555477142333984,266.0
20190627,3885.0,313.0,104.0,40.894187927246094,514.0,111.5,301.5,78.69999694824219,43.0034294128418,267.5
20190628,3855.0,314.0,103.0,40.983184814453125,508.0,110.5,300.5,78.30000305175781,42.80434036254883,264.0
20190701,4240.0,314.0,102.0,41.07218170166016,498.0,110.0,300.5,78.19999694824219,42.505706787109375,272.5
20190702,4180.0,319.0,100.5,41.25017547607422,495.5,108.0,301.0,78.5,42.4559326171875,271.5
20190703,3970.0,317.5,100.5,41.16117858886719,490.0,107.0,304.0,78.0,42.05775451660156,270.0
20190704,3955.0,319.0,100.0,40.84968948364258,504.0,107.5,307.0,78.19999694824219,42.306617736816406,277.0
20190705,3950.0,321.0,100.0,41.07218170166016,492.5,107.0,304.0,78.0,42.15729904174805,278.0
20190708,4115.0,314.0,99.0,41.11668014526367,483.5,106.5,305.0,77.9000015258789,41.75911712646485,275.0
20190709,4020.0,313.5,98.5,40.93868637084961,499.5,107.5,302.5,77.5,41.65957260131836,264.0
20190710,4155.0,318.0,98.6999969482422,40.80519104003906,502.0,107.0,302.0,77.0,42.00798034667969,269.0
20190711,4305.0,322.5,98.3000030517578,39.87071990966797,497.0,107.5,302.5,75.4000015258789,41.75911712646485,271.5
20190712,4205.0,318.0,98.4000015258789,39.47023391723633,491.0,107.5,300.0,75.80000305175781,41.41070938110352,273.5
20190715,4205.0,314.5,97.8000030517578,39.20323944091797,492.0,108.0,303.5,76.0,41.46048355102539,267.5
20190716,4260.0,314.0,97.9000015258789,39.82622146606445,488.0,107.5,301.5,71.4000015258789,41.360939025878906,269.5
20190717,4155.0,310.0,97.0999984741211,39.78172302246094,493.0,107.5,301.0,71.9000015258789,41.11207580566406,267.0
20190718,4150.0,302.0,96.8000030517578,39.69272613525391,490.0,106.0,303.0,71.4000015258789,40.91298675537109,259.0
20190719,4140.0,304.5,96.5,39.87071990966797,479.0,106.5,306.5,72.0,40.86321258544922,257.5
20190722,4225.0,308.5,96.5,39.959716796875,461.5,107.5,306.0,72.0,41.21162033081055,253.0
20190723,4225.0,314.5,96.4000015258789,40.09321212768555,460.0,107.5,304.0,72.19999694824219,41.01253128051758,255.0
20190724,4255.0,308.0,96.1999969482422,39.87071990966797,457.0,106.0,301.0,71.5999984741211,40.9627571105957,255.5
20190725,4365.0,313.0,96.0999984741211,39.42573547363281,460.5,107.0,304.0,71.80000305175781,41.01253128051758,258.0
20190726,4255.0,313.5,96.0,39.73722457885742,452.0,106.5,304.0,71.80000305175781,40.9627571105957,259.5
20190729,4205.0,319.0,95.3000030517578,39.91521835327149,459.5,107.5,304.0,71.5999984741211,41.01253128051758,258.5
20190730,4125.0,325.5,95.0999984741211,39.87071990966797,446.0,107.0,306.5,71.5999984741211,40.91298675537109,264.5
20190731,4250.0,314.5,95.0,39.78172302246094,450.5,106.0,300.0,71.5,40.614349365234375,266.0
20190801,4225.0,314.0,93.9000015258789,39.20323944091797,449.0,105.0,298.0,71.4000015258789,40.31571578979492,266.0
20190802,3890.0,316.0,92.0,38.75825500488281,431.0,105.0,294.0,71.0,39.91753768920898,257.5
20190805,3875.0,312.0,90.5999984741211,38.75825500488281,441.0,103.5,292.5,71.30000305175781,39.76821899414063,260.0
20190806,3825.0,309.0,89.19999694824219,38.535762786865234,428.0,102.0,293.5,71.30000305175781,39.71844482421875,258.5
20190807,3790.0,318.0,89.0999984741211,38.58026123046875,429.5,101.0,293.0,71.69999694824219,39.618900299072266,250.5
20190808,3825.0,316.5,88.5999984741211,39.06974411010742,434.5,100.5,296.0,71.5,39.76821899414063,257.0
20190812,3825.0,323.0,86.0999984741211,39.11424255371094,434.5,100.0,291.0,71.69999694824219,39.817989349365234,268.5
20190813,3730.0,318.0,86.30000305175781,35.47565078735352,430.0,99.0,292.5,71.69999694824219,39.618900299072266,266.5
20190814,3855.0,319.5,86.5,36.47563552856445,427.5,99.0,292.0,71.30000305175781,39.569129943847656,268.5
20190815,3825.0,316.5,85.30000305175781,36.18992233276367,419.0,95.1999969482422,290.5,71.4000015258789,39.17094802856445,264.5
20190816,3820.0,322.0,86.19999694824219,36.14230728149414,433.0,98.8000030517578,292.5,71.4000015258789,39.37004089355469,263.5
20190819,3740.0,353.0,86.19999694824219,36.28516006469727,437.0,98.0999984741211,290.5,71.4000015258789,39.817989349365234,264.5
20190820,3800.0,351.0,87.0999984741211,36.33277893066406,429.5,97.8000030517578,292.0,71.5,39.51935577392578,265.5
20190821,3830.0,347.0,86.9000015258789,36.14230728149414,422.0,97.9000015258789,290.0,71.69999694824219,39.32026672363281,257.5
20190822,3935.0,345.0,86.69999694824219,36.04706954956055,426.0,97.8000030517578,290.0,72.0999984741211,39.27049255371094,253.0
20190823,3915.0,342.5,87.0,36.38039779663086,430.0,97.4000015258789,288.5,72.0,39.66867446899414,258.0
20190826,3760.0,343.0,85.5999984741211,35.90421295166016,417.5,95.1999969482422,285.0,71.5,39.32026672363281,209.0
20190827,3770.0,345.5,85.5,35.856597900390625,420.5,95.5,283.5,71.5,39.569129943847656,203.0
20190828,3845.0,366.0,85.0999984741211,35.90421295166016,411.0,95.0,283.5,71.69999694824219,39.76821899414063,204.5
20190829,3845.0,365.5,85.9000015258789,35.99945068359375,424.0,94.9000015258789,288.0,72.4000015258789,39.32026672363281,206.5
20190830,3890.0,367.5,88.0999984741211,36.61848831176758,442.5,97.1999969482422,292.0,73.19999694824219,39.9673080444336,227.0
20190902,3885.0,370.5,87.5,36.428016662597656,435.5,96.3000030517578,292.5,73.19999694824219,39.76821899414063,236.0
20190903,3950.0,364.0,86.80000305175781,36.523250579833984,417.5,96.0999984741211,285.0,72.5999984741211,39.618900299072266,235.5
20190904,3980.0,365.0,87.5999984741211,36.61848831176758,432.0,96.8000030517578,290.0,73.0999984741211,39.76821899414063,234.5
20190905,4030.0,367.5,89.5,37.14229202270508,437.5,97.5,291.5,73.0999984741211,40.31571578979492,238.0
20190906,3980.0,374.5,89.19999694824219,37.95180130004883,442.5,97.6999969482422,296.0,73.0,40.614349365234375,237.0
20190910,3775.0,378.0,88.4000015258789,38.04703903198242,429.5,97.0,295.0,73.5,41.21162033081055,228.5
20190911,3900.0,374.5,88.5,38.09465789794922,435.0,96.5,297.5,73.30000305175781,41.21162033081055,230.0
20190912,3995.0,375.0,89.19999694824219,38.142276763916016,446.5,96.8000030517578,295.0,72.80000305175781,41.31116485595703,231.0
20190916,4005.0,382.0,91.5,38.18989562988281,445.0,104.0,295.0,73.5,41.360939025878906,231.5
20190917,3980.0,383.0,90.0999984741211,37.61847305297852,444.5,102.0,297.0,73.69999694824219,41.46048355102539,233.5
20190918,4210.0,382.0,90.3000030517578,37.90418243408203,448.0,101.5,297.0,74.0,41.56002807617188,232.5
20190919,4300.0,380.5,89.80000305175781,37.90418243408203,445.0,99.6999969482422,296.0,73.9000015258789,41.65957260131836,232.0
20190920,4300.0,386.5,90.5,38.28512954711914,483.5,101.0,297.0,74.19999694824219,41.360939025878906,233.5
20190923,4300.0,388.0,89.5999984741211,37.856563568115234,466.5,100.0,295.0,73.5999984741211,40.9627571105957,233.0
20190924,4240.0,387.0,88.80000305175781,37.90418243408203,465.0,101.5,294.5,73.5,41.41070938110352,231.5
20190925,4255.0,380.0,88.30000305175781,37.71371078491211,467.0,99.8000030517578,293.5,73.0,41.26139450073242,229.5
20190926,4400.0,376.0,87.80000305175781,37.999420166015625,473.0,98.5999984741211,291.0,72.69999694824219,41.01253128051758,238.5
20190927,4450.0,369.0,86.69999694824219,37.761329650878906,471.5,98.1999969482422,290.0,72.5,40.713897705078125,246.5
20191001,4535.0,376.5,87.19999694824219,37.761329650878906,490.0,100.5,287.5,73.4000015258789,41.06230545043945,268.0
20191002,4530.0,372.0,87.0999984741211,37.3803825378418,482.0,99.0,286.0,72.80000305175781,40.713897705078125,269.0
20191003,4500.0,379.5,86.4000015258789,37.14229202270508,470.0,97.3000030517578,286.0,72.30000305175781,40.11662673950195,265.5
20191004,4490.0,385.5,86.4000015258789,37.04705429077149,475.0,97.0999984741211,286.0,72.5,40.415260314941406,261.0
20191007,4480.0,384.0,86.69999694824219,37.428001403808594,475.5,97.1999969482422,285.5,72.5,40.21617126464844,276.0
20191008,4480.0,384.5,87.9000015258789,37.856563568115234,470.5,97.4000015258789,288.0,72.19999694824219,40.31571578979492,298.5
20191009,4460.0,372.0,86.4000015258789,37.61847305297852,464.0,96.0999984741211,284.5,72.0999984741211,40.3654899597168,301.5
20191014,4460.0,370.5,88.0,38.04703903198242,478.0,97.5,289.0,72.0999984741211,40.650001525878906,314.5
20191015,4500.0,367.0,88.19999694824219,38.09465789794922,476.0,97.1999969482422,291.0,72.0999984741211,40.54999923706055,306.0
20191016,4375.0,360.0,88.0,38.09465789794922,481.0,98.0,293.0,72.30000305175781,41.09999847412109,302.0
20191017,4395.0,371.0,87.9000015258789,38.18989562988281,485.0,97.3000030517578,293.0,72.9000015258789,41.29999923706055,310.5
20191018,4305.0,370.0,88.0999984741211,38.99940490722656,486.5,96.5,295.0,73.4000015258789,41.29999923706055,312.5
20191021,4380.0,369.0,88.19999694824219,39.52320861816406,493.0,96.8000030517578,298.0,73.5999984741211,41.29999923706055,313.5
20191022,4390.0,371.5,89.0,39.42797088623047,508.0,97.5,309.0,73.9000015258789,41.5,311.5
20191023,4310.0,372.0,88.5,38.99940490722656,502.0,96.9000015258789,303.0,73.4000015258789,40.95000076293945,312.5
20191024,4430.0,381.5,89.4000015258789,39.04702377319336,517.0,97.5999984741211,305.0,73.4000015258789,41.150001525878906,317.0
20191025,4350.0,379.0,88.80000305175781,38.90416717529297,520.0,97.4000015258789,303.0,73.30000305175781,41.0,316.0
20191028,4330.0,387.0,88.9000015258789,38.80893325805664,524.0,96.9000015258789,302.5,73.0999984741211,41.0,316.5
20191029,4315.0,393.0,88.69999694824219,38.71369552612305,530.0,96.9000015258789,303.0,73.19999694824219,41.150001525878906,318.0
20191030,4320.0,396.5,89.0999984741211,38.42798614501953,539.0,98.4000015258789,305.5,73.19999694824219,40.84999847412109,320.5
20191031,4470.0,408.0,88.5999984741211,38.523223876953125,538.0,96.9000015258789,304.0,73.0,40.29999923706055,314.0
20191101,4460.0,405.0,89.0,38.61845779418945,543.0,97.5,303.0,73.30000305175781,40.09999847412109,316.0
20191104,4570.0,412.0,90.0999984741211,38.99940490722656,554.0,98.1999969482422,306.0,73.80000305175781,40.95000076293945,312.5
20191105,4615.0,425.0,90.6999969482422,38.951786041259766,568.0,98.9000015258789,308.0,74.0,41.45000076293945,312.0
20191106,4700.0,434.0,89.9000015258789,38.85654830932617,570.0,98.0999984741211,308.0,73.80000305175781,43.0,307.0
20191107,4665.0,425.0,89.4000015258789,38.99940490722656,569.0,98.0999984741211,310.0,74.9000015258789,42.900001525878906,306.0
20191108,4760.0,414.0,88.69999694824219,38.951786041259766,563.0,98.5999984741211,309.0,75.69999694824219,42.70000076293945,307.0
20191111,4605.0,403.5,87.5,38.42798614501953,566.0,96.9000015258789,309.0,75.69999694824219,42.25,282.5
20191112,4540.0,410.0,87.69999694824219,38.71369552612305,575.0,96.9000015258789,308.0,75.30000305175781,42.79999923706055,282.5
20191113,4520.0,408.0,87.19999694824219,39.04702377319336,576.0,96.4000015258789,307.5,73.69999694824219,42.34999847412109,310.5
20191114,4470.0,410.5,87.5,39.18988037109375,568.0,96.1999969482422,306.0,73.0999984741211,42.150001525878906,326.5
20191115,4500.0,422.0,87.4000015258789,39.713680267333984,575.0,96.0999984741211,310.0,73.4000015258789,42.54999923706055,321.0
20191118,4505.0,419.5,87.4000015258789,40.09462738037109,575.0,96.9000015258789,310.0,73.5,42.75,317.5
20191119,4500.0,421.0,87.0,40.09462738037109,579.0,96.3000030517578,312.0,73.5999984741211,42.70000076293945,323.5
20191120,4435.0,414.5,86.5,40.61842727661133,581.0,96.9000015258789,312.0,74.5999984741211,42.29999923706055,320.0
20191121,4305.0,407.0,86.5999984741211,40.33271789550781,569.0,96.5,307.0,74.0,42.04999923706055,318.5
20191122,4345.0,411.0,87.4000015258789,40.09462738037109,572.0,97.0,312.0,75.0,42.400001525878906,317.0
20191125,4460.0,418.5,87.80000305175781,39.9517707824707,583.0,96.9000015258789,308.0,74.30000305175781,42.5,322.5
20191126,4435.0,420.0,88.0999984741211,39.80891799926758,604.0,96.9000015258789,310.5,73.19999694824219,42.0,326.5
20191127,4530.0,422.5,88.30000305175781,39.9517707824707,609.0,96.9000015258789,308.0,73.9000015258789,42.29999923706055,336.5
20191128,4485.0,431.5,87.69999694824219,39.9993896484375,614.0,97.0,308.5,73.5,42.34999847412109,335.0
20191129,4435.0,421.5,87.30000305175781,39.42797088623047,597.0,96.0,305.5,73.0999984741211,41.70000076293945,330.0
20191202,4515.0,416.5,87.0,39.38035202026367,611.0,96.0,308.5,73.4000015258789,41.650001525878906,338.0
20191203,4470.0,418.0,87.0,39.856536865234375,617.0,95.4000015258789,309.0,73.5,41.75,363.0
20191204,4400.0,424.5,87.0999984741211,39.76129913330078,615.0,95.5999984741211,305.0,73.19999694824219,41.29999923706055,361.0
20191205,4710.0,420.0,86.5999984741211,39.66606140136719,609.0,95.4000015258789,304.0,73.0999984741211,41.5,362.0
20191206,4690.0,415.0,86.69999694824219,39.76129913330078,609.0,95.8000030517578,304.0,73.0,41.25,369.0
20191209,4820.0,426.5,86.5,40.0470085144043,615.0,95.4000015258789,304.0,72.80000305175781,41.29999923706055,372.5
20191210,4675.0,425.0,86.69999694824219,40.09462738037109,612.0,95.4000015258789,302.0,72.19999694824219,41.70000076293945,368.0
20191211,4680.0,429.0,86.69999694824219,40.14224624633789,613.0,95.5,302.5,72.19999694824219,42.400001525878906,378.5
20191212,4805.0,427.5,87.5999984741211,40.285099029541016,622.0,95.5,303.0,72.80000305175781,42.45000076293945,381.5
20191213,4840.0,432.5,86.9000015258789,40.523193359375,640.0,96.0,303.0,72.5999984741211,42.900001525878906,376.5
20191216,4835.0,442.0,87.0999984741211,40.76128387451172,634.0,97.1999969482422,300.5,72.19999694824219,42.900001525878906,379.0
20191217,5040.0,460.5,88.19999694824219,40.90413665771485,659.0,98.0,303.5,72.4000015258789,42.95000076293945,377.0
20191218,5040.0,456.5,88.30000305175781,40.95175552368164,666.0,98.0,305.5,72.5,43.0,376.5
20191219,5060.0,454.5,88.0,40.95175552368164,678.0,97.3000030517578,305.0,72.5,42.70000076293945,383.0
20191220,5030.0,446.0,88.9000015258789,40.90413665771485,691.0,97.6999969482422,304.5,72.5999984741211,42.79999923706055,389.5
20191223,4870.0,449.0,89.4000015258789,41.189849853515625,694.0,98.5,308.5,72.9000015258789,42.79999923706055,383.0
20191224,4870.0,445.0,89.0,41.09461212158203,686.0,98.1999969482422,309.0,72.80000305175781,42.650001525878906,395.0
20191225,4900.0,452.0,88.9000015258789,41.046993255615234,693.0,97.5,310.0,73.0,42.59999847412109,403.5
20191226,4940.0,449.0,88.69999694824219,40.99937438964844,689.0,96.9000015258789,310.0,73.0,42.650001525878906,402.0
20191227,4995.0,446.5,89.0999984741211,41.189849853515625,703.0,98.5999984741211,309.0,73.0,42.70000076293945,411.0
20191230,4965.0,446.5,88.0,41.57079315185547,707.0,97.5999984741211,305.5,73.19999694824219,42.70000076293945,436.0
20191231,5000.0,443.5,87.5,41.618412017822266,683.0,97.5,304.0,72.0999984741211,42.54999923706055,437.0
20200102,5030.0,441.5,87.69999694824219,41.999359130859375,671.0,98.0,302.5,72.30000305175781,42.54999923706055,436.0
20200103,4880.0,434.5,88.5999984741211,41.85650634765625,677.0,101.0,305.5,72.30000305175781,42.79999923706055,468.0
20200106,4695.0,424.0,88.5,41.38032150268555,669.0,102.0,304.0,72.0,42.25,460.0
20200107,4740.0,426.0,87.4000015258789,41.52317428588867,659.0,100.0,304.0,72.0,42.20000076293945,414.0
20200108,4785.0,430.5,86.5999984741211,41.33270263671875,655.0,99.8000030517578,303.5,71.5,41.79999923706055,387.0
20200109,4865.0,437.0,87.19999694824219,41.38032150268555,668.0,98.0999984741211,306.5,71.0,42.0,392.0
20200110,5065.0,432.0,87.0999984741211,41.42794036865234,669.0,98.0,308.5,71.4000015258789,42.04999923706055,392.5
20200113,5050.0,422.0,87.5,42.142215728759766,687.0,97.5,310.0,71.19999694824219,42.84999847412109,390.0
20200114,5180.0,416.0,87.9000015258789,42.42792510986328,679.0,96.8000030517578,310.5,70.9000015258789,42.84999847412109,419.0
20200115,4985.0,416.0,87.30000305175781,42.42792510986328,676.0,96.0,309.5,70.69999694824219,42.900001525878906,413.0
20200116,5015.0,421.0,87.19999694824219,42.6183967590332,669.0,95.6999969482422,309.5,70.30000305175781,42.95000076293945,417.0
20200117,4985.0,420.5,88.0,42.7612533569336,687.0,96.4000015258789,310.0,70.9000015258789,43.09999847412109,413.0
20200120,4975.0,419.0,88.19999694824219,42.80887222290039,702.0,96.9000015258789,308.0,70.69999694824219,43.09999847412109,415.5
20200130,4710.0,383.5,84.69999694824219,39.856536865234375,632.0,89.9000015258789,298.5,69.0,40.59999847412109,374.0
20200131,4805.0,388.0,84.9000015258789,40.0470085144043,622.0,89.9000015258789,298.5,68.5999984741211,40.650001525878906,386.5
20200203,4700.0,382.0,83.80000305175781,39.5708236694336,619.0,87.5,300.0,67.80000305175781,40.20000076293945,392.0
20200204,4835.0,390.5,83.5,40.38033676147461,634.0,88.0,299.0,67.9000015258789,40.70000076293945,418.5
20200205,4830.0,381.0,82.5,40.33271789550781,633.0,87.0,304.0,67.5999984741211,40.95000076293945,413.0
20200206,4845.0,382.0,84.30000305175781,40.95175552368164,658.0,90.5,304.5,67.69999694824219,41.5,417.0
20200207,4755.0,381.0,84.0,40.4755744934082,649.0,89.19999694824219,304.0,67.0,41.04999923706055,416.5
20200210,4750.0,380.0,83.9000015258789,40.38033676147461,630.0,89.5,305.5,67.4000015258789,40.900001525878906,418.5
20200211,4690.0,390.0,83.9000015258789,40.57080841064453,624.0,88.80000305175781,303.5,67.4000015258789,41.650001525878906,437.0
20200212,4840.0,401.5,84.9000015258789,40.76128387451172,630.0,90.0999984741211,302.5,67.0,41.79999923706055,448.0
20200213,4820.0,408.5,85.4000015258789,41.09461212158203,669.0,89.80000305175781,303.5,67.19999694824219,41.59999847412109,439.0
20200214,4820.0,405.5,85.19999694824219,41.14223098754883,665.0,89.69999694824219,306.0,68.19999694824219,41.650001525878906,457.0
20200217,4845.0,398.0,84.69999694824219,40.95175552368164,670.0,89.5999984741211,308.0,68.4000015258789,41.400001525878906,453.0
20200218,4630.0,392.0,84.69999694824219,40.99937438964844,646.0,89.0999984741211,309.0,68.4000015258789,41.5,450.0
20200219,4725.0,388.5,85.4000015258789,41.33270263671875,666.0,89.69999694824219,308.0,68.9000015258789,41.75,460.0
20200220,4690.0,394.0,84.4000015258789,41.09461212158203,651.0,89.5999984741211,308.0,67.5999984741211,41.59999847412109,457.5
20200221,4740.0,388.0,84.4000015258789,41.189849853515625,652.0,89.0,304.0,67.4000015258789,41.29999923706055,472.0
20200224,4610.0,377.0,83.0999984741211,40.95175552368164,636.0,88.0,296.0,66.69999694824219,40.84999847412109,484.5
20200225,4630.0,378.5,82.5999984741211,40.666046142578125,643.0,87.5999984741211,300.0,66.80000305175781,40.70000076293945,485.0
20200226,4580.0,375.0,81.19999694824219,40.18986129760742,626.0,87.0,297.0,66.0,40.650001525878906,441.0
20200227,4430.0,360.0,82.19999694824219,40.23748016357422,627.0,86.0999984741211,296.5,66.0999984741211,40.04999923706055,410.0
20200302,4380.0,363.0,81.0,40.23748016357422,600.0,85.0,295.0,65.0,39.5,418.5
20200303,4580.0,372.0,80.80000305175781,40.61842727661133,609.0,86.4000015258789,295.0,65.5999984741211,39.79999923706055,417.0
20200304,4530.0,370.5,81.80000305175781,40.80890274047852,628.0,88.0999984741211,297.5,66.5999984741211,39.75,400.5
20200305,4600.0,385.0,82.0,41.23746490478516,634.0,88.5,302.5,66.80000305175781,40.150001525878906,410.5
20200306,4565.0,378.5,80.5,40.80890274047852,604.0,87.0999984741211,296.5,66.19999694824219,39.5,406.5
20200309,4405.0,366.5,77.69999694824219,39.856536865234375,568.0,82.9000015258789,293.0,65.0,38.54999923706055,386.0
20200310,4490.0,373.5,77.5999984741211,39.61844253540039,563.0,81.5999984741211,291.0,66.30000305175781,39.0,394.5
20200311,4385.0,363.0,77.5,39.80891799926758,553.0,80.69999694824219,291.0,66.30000305175781,38.59999847412109,383.5
20200312,3980.0,336.0,75.0999984741211,38.80893325805664,507.0,77.0999984741211,286.5,64.5,37.5,345.5
20200313,4060.0,341.0,72.30000305175781,38.33274841308594,488.0,72.9000015258789,273.5,62.5,37.0,320.0
20200316,3725.0,320.0,69.19999694824219,36.99943542480469,439.5,70.0,274.0,60.900001525878906,35.79999923706055,290.5
20200317,3735.0,315.5,66.19999694824219,35.80897903442383,402.5,69.4000015258789,286.5,62.70000076293945,35.0,265.0
20200318,3600.0,301.5,61.70000076293945,34.28519058227539,372.5,68.19999694824219,283.5,63.0,34.650001525878906,254.5
20200319,3250.0,274.0,59.29999923706055,31.99951171875,335.5,67.30000305175781,286.5,62.400001525878906,34.0,229.5
20200320,3575.0,301.0,65.0999984741211,35.189937591552734,368.0,71.5,281.0,62.0,35.099998474121094,252.0
20200323,3450.0,308.0,62.0,34.380428314208984,360.0,71.69999694824219,265.0,59.70000076293945,34.150001525878906,252.0
20200324,3665.0,330.0,65.19999694824219,36.428016662597656,396.0,77.4000015258789,267.0,61.400001525878906,34.650001525878906,274.0
20200325,3890.0,334.5,68.5,36.95181655883789,435.5,78.5,272.5,63.400001525878906,35.29999923706055,292.0
20200326,3995.0,343.5,68.5,36.76134490966797,463.0,79.69999694824219,278.5,64.30000305175781,35.25,291.5
20200327,3870.0,340.0,68.0,37.09467315673828,477.0,80.0,278.0,64.9000015258789,35.79999923706055,280.5
20200330,3785.0,336.5,67.69999694824219,37.2851448059082,483.0,80.5999984741211,277.0,62.5,35.79999923706055,278.0
20200331,3830.0,327.5,67.0,37.61847305297852,491.0,81.4000015258789,283.0,63.29999923706055,35.29999923706055,274.5
20200401,3760.0,334.0,66.19999694824219,37.14229202270508,473.5,78.0,282.0,62.0,35.25,272.5
20200406,3860.0,341.0,68.0,37.18991088867188,498.5,80.4000015258789,281.5,63.20000076293945,35.04999923706055,288.0
20200407,3890.0,347.0,69.9000015258789,38.04703903198242,493.0,81.5,287.0,64.5,35.349998474121094,299.5
20200408,3950.0,349.5,70.9000015258789,39.04702377319336,490.0,82.30000305175781,289.0,64.5999984741211,35.75,329.0
20200409,3800.0,351.5,70.5999984741211,38.61845779418945,490.0,81.5999984741211,290.0,64.0,36.20000076293945,335.0
20200410,3685.0,350.0,71.0,39.04702377319336,501.0,82.30000305175781,288.0,64.0999984741211,37.79999923706055,343.0
20200413,3685.0,351.5,70.0,38.85654830932617,490.0,81.0999984741211,289.5,64.5,37.400001525878906,332.5
20200414,3815.0,365.5,71.4000015258789,39.66606140136719,507.0,82.0,291.5,65.5999984741211,38.0,338.0
20200415,3800.0,365.5,72.0,39.80891799926758,513.0,82.9000015258789,290.0,66.0999984741211,38.29999923706055,343.5
20200416,3725.0,361.5,70.80000305175781,39.856536865234375,498.0,82.0999984741211,286.5,65.30000305175781,37.79999923706055,341.5
20200417,3850.0,368.0,71.0999984741211,39.9993896484375,501.0,82.5999984741211,287.0,65.9000015258789,38.20000076293945,339.5
20200420,3885.0,370.0,70.30000305175781,40.33271789550781,509.0,81.69999694824219,286.5,65.80000305175781,38.0,343.0
20200421,3700.0,353.5,68.9000015258789,39.80891799926758,490.5,79.5,284.0,64.80000305175781,37.0,326.0
20200422,3680.0,346.0,68.30000305175781,39.61844253540039,491.5,80.0,283.0,65.30000305175781,37.20000076293945,344.0
20200423,3740.0,351.0,68.69999694824219,40.14224624633789,486.0,80.80000305175781,287.5,64.5,37.25,344.0
20200424,3740.0,348.5,68.30000305175781,39.9993896484375,485.5,81.0,288.0,65.5,37.04999923706055,345.0
20200427,3860.0,372.0,70.19999694824219,39.9993896484375,506.0,81.9000015258789,294.0,66.19999694824219,38.0,379.5
20200428,3860.0,375.0,70.4000015258789,40.23748016357422,503.0,81.30000305175781,299.5,65.80000305175781,38.0,383.5
20200429,3940.0,398.0,71.80000305175781,40.523193359375,543.0,83.69999694824219,304.5,66.4000015258789,38.45000076293945,380.0
20200430,4110.0,415.0,75.9000015258789,41.14223098754883,557.0,89.69999694824219,308.0,66.4000015258789,39.900001525878906,391.0
20200504,3875.0,399.5,72.9000015258789,40.18986129760742,513.0,86.4000015258789,301.5,66.69999694824219,38.79999923706055,391.5
20200505,3960.0,401.5,72.80000305175781,40.80890274047852,517.0,86.0,307.5,67.0999984741211,38.900001525878906,407.0
20200506,4075.0,408.0,72.5999984741211,40.57080841064453,514.0,85.0,305.5,66.19999694824219,38.79999923706055,416.0
20200507,4070.0,411.0,72.80000305175781,40.666046142578125,512.0,84.4000015258789,303.0,66.30000305175781,38.84999847412109,410.0
20200508,4225.0,411.5,73.69999694824219,40.95175552368164,518.0,88.30000305175781,305.0,67.0,39.25,403.5
20200511,4200.0,410.0,74.69999694824219,41.09461212158203,524.0,88.9000015258789,304.5,67.4000015258789,39.59999847412109,413.5
20200512,4110.0,407.0,73.4000015258789,40.90413665771485,519.0,86.5,304.0,66.69999694824219,39.59999847412109,406.0
20200513,4195.0,420.0,73.9000015258789,40.85652160644531,517.0,87.5999984741211,305.0,66.69999694824219,39.54999923706055,402.5
20200514,4110.0,411.0,72.5999984741211,40.57080841064453,515.0,86.69999694824219,302.5,65.9000015258789,39.150001525878906,385.5
20200515,4065.0,411.0,72.30000305175781,40.285099029541016,509.0,86.4000015258789,300.0,65.80000305175781,39.04999923706055,386.0
20200518,3860.0,440.5,72.0999984741211,40.33271789550781,515.0,89.30000305175781,301.5,66.4000015258789,39.0,369.0
20200519,3845.0,462.0,73.19999694824219,40.95175552368164,538.0,92.0999984741211,300.5,66.0,39.45000076293945,373.0
20200520,3870.0,470.0,73.19999694824219,40.85652160644531,551.0,91.0,298.0,65.80000305175781,39.650001525878906,384.5
20200521,3930.0,464.5,73.69999694824219,40.95175552368164,534.0,92.0,302.5,66.19999694824219,39.95000076293945,382.0
20200522,3840.0,442.0,72.19999694824219,40.61842727661133,512.0,90.0,299.5,65.19999694824219,39.25,371.5
20200525,3835.0,460.0,71.9000015258789,40.61842727661133,519.0,89.0,298.5,65.30000305175781,39.150001525878906,376.0
20200526,3925.0,460.0,72.69999694824219,40.95175552368164,549.0,89.5999984741211,300.0,65.80000305175781,39.900001525878906,371.0
20200527,3880.0,464.5,72.5999984741211,40.80890274047852,533.0,89.0,299.0,65.30000305175781,40.150001525878906,376.0
20200528,3830.0,460.0,72.0,40.33271789550781,526.0,87.9000015258789,298.0,65.19999694824219,39.5,370.0
20200529,3835.0,463.0,72.0,40.523193359375,536.0,87.69999694824219,295.5,64.69999694824219,40.04999923706055,370.5
20200601,4065.0,461.5,72.5,41.046993255615234,544.0,89.9000015258789,297.0,65.0999984741211,40.25,385.5
20200602,4085.0,485.0,73.19999694824219,41.23746490478516,541.0,90.3000030517578,298.0,65.5,40.34999847412109,383.0
20200603,4270.0,490.0,74.9000015258789,41.57079315185547,571.0,93.5,297.5,67.0,41.400001525878906,392.0
20200604,4240.0,490.0,75.0999984741211,41.33270263671875,570.0,93.5,298.0,66.69999694824219,41.54999923706055,400.5
20200605,4270.0,494.0,75.5999984741211,41.57079315185547,582.0,94.3000030517578,294.0,66.69999694824219,41.59999847412109,387.5
20200608,4420.0,494.5,76.80000305175781,41.85650634765625,624.0,95.0,295.5,67.19999694824219,41.900001525878906,393.0
20200609,4390.0,497.5,77.0,41.80888748168945,648.0,96.0,294.5,67.9000015258789,42.0,392.5
20200610,4400.0,500.0,77.0999984741211,41.90412139892578,684.0,96.3000030517578,298.5,68.5,42.34999847412109,394.5
20200611,4210.0,496.5,75.30000305175781,41.23746490478516,687.0,93.0,299.5,68.0,41.0,383.5
20200612,4140.0,492.5,74.19999694824219,40.85652160644531,678.0,91.0,296.0,68.0,40.70000076293945,381.0
20200615,4120.0,492.5,73.19999694824219,40.4755744934082,679.0,90.0,294.0,67.30000305175781,40.900001525878906,382.0
20200616,4195.0,510.0,73.9000015258789,40.80890274047852,690.0,90.8000030517578,299.0,67.80000305175781,41.900001525878906,396.0
20200617,4160.0,510.0,73.9000015258789,40.80890274047852,699.0,89.19999694824219,299.5,67.5999984741211,42.20000076293945,399.0
20200618,4050.0,513.0,73.80000305175781,40.666046142578125,694.0,88.5,298.5,66.69999694824219,42.150001525878906,405.0
20200619,4055.0,546.0,73.0999984741211,40.523193359375,693.0,88.0999984741211,298.5,66.4000015258789,42.09999847412109,404.5
20200622,4020.0,576.0,74.0999984741211,40.85652160644531,684.0,88.19999694824219,298.0,66.5999984741211,42.09999847412109,396.5
20200623,4010.0,574.0,75.0,40.666046142578125,697.0,89.30000305175781,300.0,66.5999984741211,42.29999923706055,406.0
20200624,4010.0,580.0,75.5,40.80890274047852,689.0,89.0,300.0,67.0,42.20000076293945,407.5
20200629,3940.0,565.0,75.0,40.61842727661133,690.0,88.19999694824219,294.5,67.4000015258789,41.900001525878906,391.0
20200630,4085.0,579.0,75.69999694824219,40.71366500854492,703.0,88.5,296.5,68.0,41.84999847412109,381.0
20200701,4200.0,577.0,72.5,41.046993255615234,695.0,88.5,296.0,69.19999694824219,40.34999847412109,379.5
20200702,4245.0,574.0,72.80000305175781,41.52317428588867,737.0,89.80000305175781,299.0,70.5999984741211,40.29999923706055,377.0
20200703,4325.0,585.0,73.4000015258789,41.85650634765625,722.0,88.9000015258789,296.0,69.4000015258789,40.75,377.0
20200706,4410.0,589.0,73.30000305175781,42.28506851196289,749.0,89.5999984741211,299.5,70.30000305175781,41.25,378.5
20200707,4405.0,618.0,72.69999694824219,42.38030624389648,744.0,88.9000015258789,299.0,69.69999694824219,40.95000076293945,392.5
20200708,4355.0,661.0,72.30000305175781,42.99934387207031,747.0,88.69999694824219,296.5,69.19999694824219,40.95000076293945,387.0
20200709,4430.0,651.0,72.0,43.1422004699707,748.0,88.19999694824219,295.0,68.80000305175781,40.59999847412109,379.5
20200710,4010.0,616.0,71.0,42.80887222290039,719.0,86.69999694824219,290.0,68.5999984741211,40.25,370.5
20200713,3960.0,629.0,71.0,43.04696273803711,748.0,87.4000015258789,288.0,69.0,40.95000076293945,380.5
20200714,4020.0,611.0,71.0,43.1422004699707,722.0,85.0999984741211,287.5,66.19999694824219,40.70000076293945,374.0
20200715,4015.0,609.0,71.4000015258789,43.42790985107422,741.0,84.30000305175781,286.0,66.0,40.650001525878906,374.5
20200716,4000.0,599.0,71.5999984741211,42.38030624389648,734.0,85.80000305175781,289.0,65.30000305175781,40.54999923706055,377.0
20200717,3995.0,607.0,71.0,42.666015625,737.0,86.0999984741211,290.0,65.0999984741211,40.5,379.0
20200720,4010.0,601.0,71.0,42.95172500610352,739.0,86.0,291.0,64.9000015258789,40.400001525878906,382.0
20200721,4090.0,637.0,71.4000015258789,43.38029098510742,731.0,85.80000305175781,289.0,64.0,40.400001525878906,388.0
20200722,4045.0,664.0,71.4000015258789,43.33267211914063,739.0,87.0,291.0,64.0,40.650001525878906,396.0
20200723,3875.0,677.0,70.5999984741211,43.42790985107422,732.0,85.19999694824219,290.0,63.70000076293945,40.34999847412109,389.5
20200724,3800.0,675.0,69.80000305175781,42.85648727416992,710.0,84.69999694824219,288.0,63.5,40.09999847412109,389.5
20200727,3815.0,728.0,68.4000015258789,42.47554397583008,690.0,83.5,285.5,62.59999847412109,39.75,406.0
20200728,3910.0,680.0,67.5,42.38030624389648,681.0,82.0999984741211,284.0,61.59999847412109,39.650001525878906,384.0
20200729,3850.0,682.0,67.30000305175781,42.90410614013672,676.0,82.0,285.0,61.900001525878906,40.09999847412109,382.5
20200730,3825.0,683.0,67.80000305175781,43.1898193359375,684.0,81.30000305175781,285.5,62.900001525878906,40.09999847412109,381.5
20200731,3825.0,701.0,67.4000015258789,42.85648727416992,670.0,81.5,280.0,63.09999847412109,39.59999847412109,389.0
20200803,3800.0,696.0,66.5999984741211,42.80887222290039,645.0,80.0,273.0,62.20000076293945,39.25,390.0
20200804,3815.0,732.0,67.0,43.23743438720703,674.0,81.0,279.0,62.59999847412109,39.79999923706055,391.0
20200805,3895.0,730.0,68.19999694824219,44.23741912841797,663.0,81.0999984741211,273.5,62.59999847412109,39.84999847412109,397.5
20200806,4160.0,732.0,68.5999984741211,44.904075622558594,666.0,82.69999694824219,274.5,62.5,40.20000076293945,391.5
20200807,4035.0,705.0,69.0999984741211,44.85646057128906,652.0,82.19999694824219,273.0,62.0,39.84999847412109,390.0
20200810,4000.0,706.0,70.69999694824219,44.38027572631836,668.0,84.19999694824219,275.0,62.09999847412109,40.45000076293945,384.5
20200811,3885.0,693.0,71.0,44.285037994384766,652.0,83.69999694824219,276.0,62.0,39.95000076293945,385.5
20200812,3900.0,680.0,70.69999694824219,41.0,630.0,83.4000015258789,279.5,62.29999923706055,40.45000076293945,380.5
20200813,3850.0,684.0,71.4000015258789,41.20000076293945,646.0,83.9000015258789,278.5,63.20000076293945,40.70000076293945,376.5
20200814,3855.0,680.0,71.5,42.84999847412109,645.0,83.0,276.0,62.59999847412109,40.29999923706055,375.0
20200817,3900.0,685.0,72.30000305175781,43.34999847412109,642.0,84.5999984741211,274.0,63.09999847412109,40.70000076293945,379.0
20200818,3715.0,617.0,72.0,44.0,640.0,84.9000015258789,274.5,62.900001525878906,40.59999847412109,373.0
20200819,3725.0,609.0,71.19999694824219,44.34999847412109,625.0,83.80000305175781,275.0,62.79999923706055,40.54999923706055,354.5
20200820,3560.0,565.0,69.30000305175781,43.5,598.0,81.5999984741211,270.5,61.900001525878906,39.79999923706055,330.0
20200821,3545.0,604.0,70.0,44.25,630.0,83.0999984741211,271.0,62.59999847412109,39.84999847412109,344.0
20200824,3605.0,585.0,69.5,44.04999923706055,635.0,82.0999984741211,271.0,62.29999923706055,39.900001525878906,333.5
20200825,3575.0,589.0,69.80000305175781,44.09999847412109,620.0,83.5,271.0,61.79999923706055,40.5,333.0
20200826,3535.0,578.0,70.19999694824219,44.09999847412109,614.0,83.0999984741211,275.0,61.79999923706055,40.54999923706055,337.0
20200827,3460.0,558.0,69.5,43.84999847412109,613.0,83.0,274.0,61.5,40.0,336.5
20200828,3420.0,574.0,69.9000015258789,43.5,616.0,83.19999694824219,270.5,61.29999923706055,39.95000076293945,340.5
20200831,3385.0,556.0,67.80000305175781,42.900001525878906,597.0,82.0,270.0,61.29999923706055,39.84999847412109,333.0
20200901,3525.0,576.0,68.0,42.75,609.0,81.0,270.0,61.29999923706055,39.84999847412109,337.0
20200902,3650.0,596.0,67.5999984741211,42.650001525878906,607.0,81.0,266.0,61.0,39.54999923706055,335.0
20200903,3695.0,603.0,68.19999694824219,42.70000076293945,617.0,81.0999984741211,263.5,60.79999923706055,39.84999847412109,344.0
20200904,3655.0,603.0,67.69999694824219,42.20000076293945,605.0,81.0,263.0,60.79999923706055,39.45000076293945,340.0
20200907,3560.0,598.0,69.0,42.70000076293945,602.0,81.5999984741211,265.0,61.59999847412109,39.34999847412109,335.5
20200908,3540.0,604.0,70.5999984741211,42.70000076293945,615.0,82.19999694824219,269.0,62.20000076293945,39.54999923706055,350.0
20200909,3505.0,595.0,69.80000305175781,42.54999923706055,603.0,81.19999694824219,265.0,62.09999847412109,39.45000076293945,350.5
20200910,3500.0,599.0,69.19999694824219,42.45000076293945,617.0,81.5999984741211,267.0,62.70000076293945,39.75,345.0
20200911,3500.0,595.0,68.80000305175781,42.29999923706055,625.0,82.0,265.5,63.0,39.900001525878906,349.5
20200914,3655.0,609.0,68.30000305175781,42.95000076293945,637.0,82.30000305175781,266.5,62.70000076293945,40.09999847412109,358.5
20200915,3655.0,611.0,68.0,42.70000076293945,650.0,82.4000015258789,266.0,62.09999847412109,40.09999847412109,355.5
20200916,3560.0,617.0,68.30000305175781,42.84999847412109,636.0,83.19999694824219,264.5,62.79999923706055,40.20000076293945,353.0
20200917,3500.0,599.0,68.19999694824219,42.54999923706055,641.0,83.4000015258789,264.0,62.5,39.650001525878906,357.5
20200918,3490.0,611.0,69.69999694824219,42.5,667.0,84.80000305175781,263.0,61.70000076293945,39.5,357.0
20200921,3495.0,616.0,70.19999694824219,42.25,656.0,84.80000305175781,264.5,62.0,39.09999847412109,348.0
20200922,3460.0,603.0,68.30000305175781,41.79999923706055,637.0,82.0,264.5,61.09999847412109,39.0,344.0
20200923,3470.0,617.0,68.0,41.0,629.0,81.5999984741211,262.0,60.900001525878906,39.0,341.5
20200924,3425.0,600.0,66.80000305175781,40.04999923706055,595.0,79.4000015258789,253.0,60.0,38.0,331.0
20200925,3355.0,585.0,67.5,40.54999923706055,603.0,80.0999984741211,258.5,60.70000076293945,38.09999847412109,324.0
20200928,3365.0,603.0,67.5,40.95000076293945,619.0,80.5999984741211,260.5,61.5,38.54999923706055,331.5
20200929,3345.0,610.0,67.80000305175781,41.20000076293945,625.0,80.4000015258789,262.0,61.20000076293945,38.70000076293945,348.0
20200930,3360.0,607.0,67.69999694824219,41.400001525878906,643.0,80.0,263.0,61.0,38.59999847412109,351.5
20201005,3295.0,611.0,68.5,41.0,641.0,80.5,267.0,61.5,38.45000076293945,354.5
20201006,3220.0,615.0,69.4000015258789,41.400001525878906,655.0,81.5,273.0,62.0,38.650001525878906,355.5
20201007,3220.0,647.0,68.80000305175781,41.150001525878906,659.0,81.9000015258789,273.0,61.5,38.59999847412109,356.0
20201008,3380.0,670.0,69.19999694824219,41.150001525878906,655.0,81.4000015258789,275.0,61.20000076293945,38.45000076293945,363.0
20201012,3090.0,714.0,70.0,40.95000076293945,658.0,81.9000015258789,275.5,61.09999847412109,38.59999847412109,353.0
20201013,2970.0,699.0,69.30000305175781,40.5,641.0,82.0,274.5,60.900001525878906,38.45000076293945,356.5
20201014,2950.0,689.0,68.80000305175781,40.5,649.0,81.5999984741211,274.0,60.29999923706055,38.59999847412109,354.0
20201015,2955.0,689.0,69.4000015258789,40.29999923706055,632.0,81.0999984741211,267.5,60.0,38.20000076293945,354.0
20201016,2965.0,680.0,69.0,40.29999923706055,629.0,80.4000015258789,270.0,60.0,38.150001525878906,359.5
20201019,3085.0,692.0,69.0,40.45000076293945,643.0,81.0,270.0,60.0,38.400001525878906,360.0
20201020,3090.0,697.0,69.0,40.34999847412109,639.0,80.80000305175781,266.5,60.29999923706055,38.45000076293945,360.0
20201021,3145.0,691.0,68.69999694824219,40.29999923706055,633.0,81.4000015258789,266.5,60.0,38.400001525878906,356.5
20201022,3140.0,688.0,69.30000305175781,41.0,637.0,81.0,269.0,60.20000076293945,38.5,354.5
20201023,3180.0,678.0,69.30000305175781,40.650001525878906,632.0,81.19999694824219,270.5,60.400001525878906,38.59999847412109,354.0
20201026,3195.0,674.0,70.30000305175781,40.5,639.0,81.4000015258789,268.0,60.29999923706055,38.95000076293945,363.0
20201027,3165.0,685.0,70.30000305175781,40.5,636.0,80.9000015258789,264.0,60.59999847412109,38.59999847412109,359.0
20201028,3100.0,681.0,70.0,40.54999923706055,630.0,80.4000015258789,266.5,60.20000076293945,38.59999847412109,357.0
20201029,3035.0,684.0,68.69999694824219,40.34999847412109,612.0,80.0,262.0,60.0,38.150001525878906,351.0
20201030,3025.0,678.0,68.80000305175781,40.54999923706055,602.0,78.5999984741211,258.0,60.0,38.400001525878906,355.5
20201102,3025.0,653.0,69.80000305175781,40.59999847412109,618.0,79.0999984741211,264.0,60.5,38.650001525878906,352.5
20201103,3105.0,665.0,70.4000015258789,40.95000076293945,636.0,80.0999984741211,265.0,60.59999847412109,38.900001525878906,377.5
20201104,3120.0,677.0,71.0,40.900001525878906,629.0,80.9000015258789,262.0,60.20000076293945,39.150001525878906,381.5
20201105,3200.0,696.0,71.30000305175781,41.04999923706055,639.0,81.19999694824219,262.0,60.400001525878906,39.20000076293945,386.5
20201106,3145.0,700.0,71.19999694824219,40.84999847412109,642.0,81.0999984741211,258.5,60.5,39.29999923706055,381.5
20201109,3265.0,702.0,71.9000015258789,41.150001525878906,649.0,81.9000015258789,259.0,60.900001525878906,39.59999847412109,388.0
20201110,3300.0,686.0,74.19999694824219,41.54999923706055,656.0,86.0,262.0,61.0,40.400001525878906,388.0
20201111,3310.0,676.0,78.0,42.650001525878906,673.0,92.1999969482422,269.5,61.29999923706055,41.25,392.5
20201112,3330.0,673.0,76.9000015258789,42.400001525878906,657.0,92.1999969482422,270.0,61.0,40.54999923706055,395.5
20201113,3360.0,675.0,76.9000015258789,42.25,665.0,92.1999969482422,268.5,61.0,40.54999923706055,397.0
20201116,3320.0,694.0,77.80000305175781,42.34999847412109,688.0,92.1999969482422,270.0,61.400001525878906,40.95000076293945,396.5
20201117,3330.0,696.0,78.0,42.75,696.0,92.5,268.5,61.0,41.5,398.5
20201118,3550.0,728.0,79.4000015258789,42.70000076293945,695.0,93.3000030517578,271.0,61.09999847412109,41.79999923706055,399.5
20201119,3545.0,733.0,79.80000305175781,42.900001525878906,700.0,94.0,271.0,60.900001525878906,41.5,404.0
20201120,3460.0,747.0,79.80000305175781,42.70000076293945,697.0,93.9000015258789,272.0,60.79999923706055,41.29999923706055,412.0
20201123,3400.0,743.0,80.0,43.0,695.0,94.6999969482422,273.0,61.20000076293945,41.70000076293945,418.5
20201124,3370.0,742.0,78.9000015258789,42.75,682.0,94.8000030517578,273.0,60.70000076293945,41.5,437.5
20201125,3310.0,724.0,79.30000305175781,42.59999847412109,681.0,95.1999969482422,272.5,61.0,41.45000076293945,423.0
20201126,3325.0,730.0,79.69999694824219,42.95000076293945,688.0,95.5999984741211,274.0,61.20000076293945,41.5,428.5
20201127,3330.0,725.0,79.0,43.29999923706055,680.0,94.5,273.0,61.20000076293945,41.34999847412109,436.0
20201130,3225.0,704.0,77.0,42.900001525878906,641.0,90.5,259.0,62.0,40.400001525878906,442.0
20201201,3345.0,697.0,78.9000015258789,43.150001525878906,650.0,92.6999969482422,268.0,61.20000076293945,40.70000076293945,454.0
20201202,3375.0,712.0,78.9000015258789,43.20000076293945,650.0,92.9000015258789,265.0,60.70000076293945,40.5,450.0
20201203,3405.0,700.0,79.5999984741211,43.5,650.0,92.8000030517578,266.5,60.5,40.29999923706055,460.5
20201204,3430.0,705.0,80.0999984741211,43.650001525878906,658.0,94.9000015258789,268.0,60.79999923706055,40.75,459.0
20201207,3380.0,704.0,79.69999694824219,43.54999923706055,644.0,93.9000015258789,267.0,61.29999923706055,40.95000076293945,458.5
20201208,3440.0,730.0,79.0,43.59999847412109,644.0,92.9000015258789,265.0,60.79999923706055,40.95000076293945,466.5
20201209,3470.0,734.0,79.30000305175781,43.34999847412109,644.0,94.3000030517578,267.0,61.0,41.0,499.0
20201210,3415.0,709.0,79.30000305175781,43.25,639.0,93.1999969482422,266.5,61.0,41.45000076293945,509.0
20201211,3320.0,707.0,79.0,42.900001525878906,641.0,94.4000015258789,266.5,60.900001525878906,41.95000076293945,518.0
20201214,3265.0,702.0,78.5999984741211,42.79999923706055,629.0,94.5,266.5,60.70000076293945,41.79999923706055,520.0
20201215,3225.0,701.0,78.30000305175781,42.5,623.0,93.0,267.0,60.79999923706055,41.09999847412109,488.5
20201216,3325.0,701.0,79.80000305175781,43.04999923706055,648.0,94.6999969482422,269.0,61.29999923706055,41.54999923706055,495.5
20201217,3315.0,704.0,79.30000305175781,42.650001525878906,633.0,94.0,268.0,61.400001525878906,41.34999847412109,495.0
20201218,3305.0,699.0,78.30000305175781,42.95000076293945,626.0,92.8000030517578,268.0,60.59999847412109,41.20000076293945,485.5
20201221,3340.0,708.0,81.0,43.5,636.0,94.9000015258789,268.0,61.5,41.54999923706055,482.0
20201222,3240.0,703.0,79.69999694824219,42.95000076293945,625.0,93.5,265.0,61.09999847412109,41.04999923706055,477.5
20201223,3260.0,720.0,79.0999984741211,42.79999923706055,622.0,93.4000015258789,263.0,61.20000076293945,40.95000076293945,492.0
20201224,3260.0,714.0,79.0999984741211,42.70000076293945,627.0,94.5,263.0,60.70000076293945,41.0,504.0
20201225,3260.0,715.0,79.5999984741211,42.79999923706055,622.0,94.1999969482422,263.0,60.79999923706055,41.150001525878906,500.0
20201228,3235.0,740.0,80.80000305175781,43.0,630.0,95.4000015258789,263.0,61.29999923706055,41.29999923706055,502.0
20201229,3190.0,734.0,81.4000015258789,43.0,634.0,95.4000015258789,263.0,61.400001525878906,41.34999847412109,506.0
20201230,3225.0,746.0,84.5,43.25,647.0,98.5,268.0,61.900001525878906,42.20000076293945,521.0
20201231,3195.0,747.0,84.69999694824219,43.20000076293945,643.0,99.8000030517578,266.5,61.20000076293945,42.25,518.0
