DateTime,8454,6415,8046,1590,2379,2330,3034,2357,2615,2308
20210104,392.9024658203125,597.7041015625,191.47251892089844,905.676025390625,378.5384521484375,521.3461303710938,291.9169006347656,201.80831909179688,40.76406097412109,254.20230102539065
20210105,394.72991943359375,596.4640502929688,200.0887756347656,914.5940551757812,377.0769348144531,527.1820678710938,288.7046203613281,203.41635131835935,38.97929382324219,265.2337341308594
20210106,413.0044555664063,579.1033325195312,196.73802185058597,936.3937377929688,393.1538391113281,533.99072265625,308.3799133300781,204.22036743164065,35.90949249267578,285.857666015625
20210107,411.1769714355469,579.1033325195312,203.4395446777344,1025.5740966796875,395.1025695800781,549.5532836914062,303.5614624023437,210.25048828125,33.803466796875,303.1242370605469
20210108,414.2227783203125,636.1456298828125,206.7903289794922,1025.5740966796875,389.74359130859375,564.1432495117188,308.3799133300781,224.72280883789065,34.62446212768555,297.36871337890625
20210111,414.8319091796875,657.2265014648438,211.5771331787109,1015.6651611328124,420.4359130859375,568.0338134765625,311.190673828125,227.9388732910156,35.98088455200195,300.2464904785156
20210112,425.796630859375,679.54736328125,212.5345001220703,1085.027587890625,417.5128173828125,574.842529296875,307.57684326171875,225.9288330078125,35.017112731933594,301.20574951171875
20210113,456.2541809082031,708.0685424804688,210.6197662353516,1065.2098388671875,433.5897521972656,588.4596557617188,323.6383056640625,231.9589691162109,34.26750946044922,299.766845703125
20210114,459.2999572753906,699.38818359375,214.44921875,1089.9820556640625,433.5897521972656,575.8150634765625,315.6075744628906,231.55694580078125,34.30320358276367,293.5317077636719
20210115,473.9195556640625,679.54736328125,209.66241455078125,1124.663330078125,432.6153869628906,584.569091796875,321.22906494140625,230.7529296875,30.87645530700684,287.29656982421875
20210118,462.954833984375,675.8272705078125,213.4918670654297,1109.7999267578125,430.1794738769531,590.4050903320312,317.21368408203125,227.53684997558597,32.19718170166016,277.7040100097656
20210119,487.3208923339844,680.7874755859375,211.5771331787109,1119.7088623046875,456.974365234375,609.8582153320312,329.2597961425781,229.1448974609375,30.84075736999512,282.0206604003906
20210120,484.8843078613281,644.8259887695312,207.2689971923828,1119.7088623046875,461.3589782714844,629.3114624023438,322.0321350097656,221.90875244140625,30.05545997619629,282.50030517578125
20210121,501.9405212402344,657.2265014648438,220.6720733642578,1124.663330078125,484.74359130859375,654.6006469726562,328.0552062988281,226.73284912109372,30.48380470275879,286.81695556640625
20210122,509.8594665527344,657.2265014648438,242.69142150878903,1134.572265625,483.2820434570313,631.2567749023438,339.6997375488281,228.74290466308597,31.983009338378903,279.1429138183594
20210125,496.4581604003906,665.9068603515625,223.54417419433597,1134.572265625,480.8461608886719,615.6941528320312,335.2828369140625,233.1649932861328,32.5898323059082,283.45953369140625
20210126,493.4123840332031,648.546142578125,227.852294921875,1144.481201171875,467.69232177734375,600.1315307617188,327.65362548828125,228.34088134765625,32.554134368896484,277.2243957519531
20210127,502.5496520996094,653.50634765625,237.4259185791016,1169.2535400390625,473.5384521484375,598.186279296875,332.4720764160156,235.57704162597656,31.80453491210937,275.7855224609375
20210128,484.8843078613281,638.625732421875,225.9375762939453,1075.1187744140625,467.69232177734375,584.569091796875,322.0321350097656,231.9589691162109,31.947311401367188,275.7855224609375
20210129,480.0110473632813,648.546142578125,216.36395263671875,990.892822265625,439.9230651855469,574.842529296875,316.41064453125,230.35092163085935,30.555194854736328,270.9892578125
20210201,488.5392150878906,705.5884399414062,223.0654754638672,990.892822265625,455.025634765625,594.2957153320312,328.0552062988281,227.9388732910156,29.520034790039062,273.38739013671875
20210202,497.6764831542969,713.0287475585938,235.51119995117188,1040.4375,469.6410217285156,614.7215576171875,340.10125732421875,229.54690551757807,31.054929733276367,274.3466186523437
20210203,505.595458984375,719.22900390625,233.1177978515625,1025.5740966796875,484.2564086914063,612.7762451171875,345.7227783203125,231.9589691162109,30.162546157836918,272.4281311035156
20210204,497.06732177734375,683.2675170898438,243.17010498046875,1030.528564453125,464.2820434570313,609.8582153320312,349.7381591796875,230.7529296875,31.054929733276367,275.305908203125
20210205,501.3313598632813,699.38818359375,253.7010803222656,1030.528564453125,482.30767822265625,614.7215576171875,384.67181396484375,231.9589691162109,30.12685203552246,269.0707397460937
20210217,500.113037109375,730.3894653320312,274.2843933105469,1025.5740966796875,501.79486083984375,644.8740234375,422.4162292480469,232.76296997070312,31.34049224853516,287.29656982421875
20210218,526.9157104492188,752.7103271484375,275.7204284667969,1040.4375,494.0,641.9559326171875,436.87152099609375,232.3609771728516,32.30426406860352,293.5317077636719
20210219,521.433349609375,748.9901733398438,277.6351318359375,1010.710693359375,481.3333435058594,634.1747436523438,424.0223693847656,233.1649932861328,31.768836975097656,287.77618408203125
20210222,532.3980712890625,724.189208984375,281.9432678222656,1045.3919677734375,475.0,632.2294311523438,426.43157958984375,233.1649932861328,33.375125885009766,288.7354431152344
20210223,585.3942260742188,736.5897216796875,273.80572509765625,1025.5740966796875,469.6410217285156,623.4754638671875,411.9762573242188,233.56700134277344,33.33943176269531,290.6539611816406
20210224,585.3942260742188,730.3894653320312,282.4219665527344,968.102294921875,465.74359130859375,607.9129028320312,406.3547668457031,241.60716247558597,32.83969497680664,282.0206604003906
20210225,607.932861328125,730.3894653320312,292.95294189453125,1015.6651611328124,468.1794738769531,617.6395263671875,400.7332763671875,245.6272430419922,33.76777267456055,282.50030517578125
20210226,589.0491333007812,664.6668090820312,286.2514343261719,961.166015625,448.20513916015625,589.4323120117188,380.6564331054688,244.4212188720703,34.231815338134766,269.0707397460937
20210302,548.2359619140625,646.0661010742188,278.592529296875,976.0294189453124,454.05126953125,592.3504028320312,396.3163757324219,247.23529052734372,32.48274612426758,276.26513671875
20210303,556.1549682617188,669.6270141601562,268.54022216796875,1015.6651611328124,450.6410217285156,604.9949951171875,396.7178955078125,254.471435546875,33.76777267456055,277.2243957519531
20210304,552.5000610351562,632.425537109375,266.62548828125,961.166015625,438.4615478515625,584.569091796875,383.0656433105469,252.05938720703125,32.875389099121094,269.55035400390625
20210305,534.8346557617188,624.9852294921875,282.4219665527344,935.40283203125,446.74359130859375,584.569091796875,377.0426025390625,250.04934692382807,32.732608795166016,263.7948303222656
20210308,528.7432250976562,597.7041015625,267.58282470703125,941.3482055664062,432.6153869628906,581.651123046875,386.2779541015625,253.6674346923828,32.411354064941406,259.47821044921875
20210309,523.8699340820312,559.2625732421875,261.83868408203125,911.6213989257812,419.94873046875,578.7330932617188,380.2549133300781,251.6573944091797,33.91055679321289,252.763427734375
20210310,514.7327270507812,615.0648193359375,271.41229248046875,949.2753295898438,421.8974304199219,580.678466796875,383.0656433105469,251.25537109375,33.55360412597656,254.20230102539065
20210311,550.0634765625,648.546142578125,280.5072326660156,955.220703125,432.6153869628906,592.3504028320312,400.7332763671875,255.27545166015625,33.732078552246094,270.0299987792969
20210312,528.134033203125,627.4652709960938,279.54986572265625,931.4392700195312,431.1538391113281,597.213623046875,391.0963745117188,260.0995483398437,33.83916473388672,270.5096130371094
20210315,531.1797485351562,600.1842041015625,283.3793334960937,956.2116088867188,430.6666564941406,594.2957153320312,398.7255859375,262.1095886230469,34.767242431640625,266.1929626464844
20210316,545.7993774414062,618.784912109375,280.9859313964844,963.1478271484376,440.4102478027344,596.2410278320312,399.5286254882813,266.12969970703125,34.73154830932617,270.5096130371094
20210317,551.890869140625,598.9441528320312,286.2514343261719,972.0658569335938,441.3846130371094,589.892822265625,407.9609069824219,261.7076110839844,34.981414794921875,272.4281311035156
20210318,545.1902465820312,591.5038452148438,299.1758117675781,977.0203247070312,450.6410217285156,587.9396362304688,432.8561706542969,287.8381652832031,35.65962600708008,276.26513671875
20210319,555.5458374023438,570.4229736328125,293.91033935546875,1010.710693359375,444.79486083984375,577.1964721679688,435.265380859375,303.5164794921875,35.37406539916992,271.4688720703125
20210322,539.0986938476562,536.941650390625,293.431640625,955.220703125,444.30767822265625,579.1497802734375,423.2192993164063,296.28033447265625,38.907901763916016,275.305908203125
20210323,537.8804321289062,548.1021118164062,292.4742736816406,941.3482055664062,446.74359130859375,580.1264038085938,428.0377197265625,293.8682861328125,36.90896224975586,276.26513671875
20210324,566.510498046875,548.1021118164062,312.1002197265625,957.2024536132812,440.8974304199219,562.5468139648438,424.0223693847656,294.2702941894531,37.123138427734375,273.86700439453125
20210325,580.52099609375,556.782470703125,304.4413146972656,972.0658569335938,454.5384521484375,561.5701293945312,430.4469299316406,293.4662780761719,35.623931884765625,272.4281311035156
20210326,580.52099609375,574.1431274414062,321.19512939453125,987.920166015625,472.0769348144531,576.2198486328125,456.9483642578125,293.4662780761719,37.76565170288086,276.26513671875
20210329,568.3380126953125,574.1431274414062,317.8443908691406,1020.61962890625,476.94873046875,585.0095825195312,449.720703125,300.7024230957031,39.5504150390625,276.26513671875
20210330,583.5667114257812,570.4229736328125,340.8210754394531,995.8472900390624,489.1282043457031,583.0562744140625,459.3575439453125,303.1144714355469,38.97929382324219,280.581787109375
20210331,603.0595703125,571.6630859375,338.9063415527344,995.8472900390624,481.3333435058594,573.2898559570312,461.7667846679688,299.49639892578125,39.33624267578125,276.26513671875
20210401,583.5667114257812,595.2239990234375,336.512939453125,1025.5740966796875,477.4359130859375,587.9396362304688,457.75140380859375,298.6923828125,39.907371520996094,283.45953369140625
20210407,598.1864013671875,606.3844604492188,325.9819641113281,1104.845458984375,491.0769348144531,595.7527465820312,497.1019592285156,298.6923828125,41.90630722045898,286.3373107910156
20210408,601.8412475585938,631.1854248046875,318.3230895996094,1164.299072265625,489.1282043457031,598.6826782226562,505.1326904296875,301.1044311523437,42.04909133911133,284.8984375
20210409,601.8412475585938,626.2252197265625,320.23779296875,1124.663330078125,486.20513916015625,595.7527465820312,490.6773986816406,298.6923828125,41.549354553222656,286.81695556640625
20210412,604.2778930664062,631.1854248046875,309.2281188964844,1134.572265625,470.1282043457031,590.8695068359375,469.7975158691406,301.1044311523437,45.69001388549805,279.1429138183594
20210413,604.8870849609375,603.9043579101562,306.35601806640625,1065.2098388671875,475.4871826171875,590.8695068359375,470.6005859375,297.88836669921875,45.90418243408203,280.1021423339844
20210414,609.1510620117188,629.9454345703125,302.0478820800781,1070.164306640625,484.74359130859375,597.7059936523438,474.6159362792969,297.88836669921875,46.61809158325195,279.6225280761719
20210415,609.1510620117188,643.5859375,326.9393310546875,1060.25537109375,487.1794738769531,604.54248046875,489.8742980957031,299.8984069824219,47.61756134033203,283.45953369140625
20210416,608.5419311523438,654.7463989257812,318.3230895996094,1070.164306640625,486.20513916015625,595.7527465820312,490.6773986816406,311.95867919921875,52.329345703125,284.4188232421875
20210419,609.1510620117188,663.4267578125,305.8773498535156,1070.164306640625,487.1794738769531,588.9161376953125,475.41900634765625,309.9486083984375,57.54085922241211,285.857666015625
20210420,609.1510620117188,667.1469116210938,306.834716796875,1070.164306640625,492.05126953125,587.9396362304688,478.6313171386719,307.9385986328125,58.18337631225586,294.9706115722656
20210421,607.932861328125,628.7053833007812,302.5265808105469,1025.5740966796875,480.8461608886719,578.173095703125,473.0097961425781,302.7124938964844,63.96601867675781,288.7354431152344
20210422,609.1510620117188,655.9864501953125,302.0478820800781,1015.6651611328124,487.1794738769531,577.1964721679688,472.2067260742188,300.3004150390625,61.253173828125,281.0614318847656
20210423,670.0662841796875,690.7078857421875,310.6641845703125,1070.164306640625,505.69232177734375,587.9396362304688,493.0866088867188,303.91851806640625,58.54032897949219,284.8984375
20210426,609.1510620117188,725.4292602539062,292.4742736816406,1124.663330078125,516.4102783203125,595.7527465820312,494.6927795410156,305.5265197753906,64.39436340332031,285.857666015625
20210427,596.9680786132812,717.9889526367188,294.38897705078125,1104.845458984375,523.2307739257812,595.7527465820312,497.905029296875,301.5064697265625,65.1082763671875,289.6947021484375
20210428,591.4857788085938,711.7886962890625,302.5265808105469,1184.116943359375,524.2051391601562,587.9396362304688,501.1173095703125,299.0943908691406,66.03634643554688,293.0520935058594
20210429,627.4256591796875,725.4292602539062,304.91998291015625,1169.2535400390625,518.3589477539062,585.9862670898438,501.1173095703125,302.3104553222656,67.60693359375,290.17431640625
20210503,609.1510620117188,751.4703369140625,285.7727355957031,1164.299072265625,505.69232177734375,574.2664794921875,472.2067260742188,302.7124938964844,72.46150970458984,294.0113220214844
20210504,607.32373046875,729.1494140625,294.86767578125,1114.75439453125,494.0,577.1964721679688,466.585205078125,303.91851806640625,65.25104522705078,279.6225280761719
20210505,607.32373046875,742.7899780273438,276.67779541015625,1050.346435546875,486.20513916015625,571.3366088867188,428.0377197265625,305.9285583496094,66.03634643554688,271.948486328125
20210506,624.3798828125,767.5910034179688,291.9955749511719,1065.2098388671875,499.8461608886719,573.2898559570312,444.0991821289063,305.9285583496094,64.18019104003906,271.4688720703125
20210507,618.2883911132812,818.4329833984375,304.4413146972656,1060.25537109375,502.7692260742188,585.0095825195312,464.1759948730469,314.3706970214844,65.89356231689453,281.5410461425781
20210510,621.3341064453125,758.91064453125,293.91033935546875,1089.9820556640625,491.0769348144531,575.2431640625,437.6745910644531,311.1546325683594,72.46150970458984,275.7855224609375
20210511,600.623046875,683.2675170898438,267.58282470703125,980.98388671875,444.30767822265625,557.6635131835938,394.3086853027344,295.476318359375,70.46257019042969,259.95782470703125
20210512,603.6687622070312,658.466552734375,257.0518798828125,939.3663940429688,424.8205261230469,546.9205322265625,394.710205078125,290.6522216796875,63.466285705566406,254.20230102539065
20210513,663.9747314453125,659.7066040039062,271.41229248046875,951.2571411132812,438.94873046875,534.2241821289062,384.67181396484375,305.1245422363281,57.18390655517578,253.72267150878903
20210514,654.8374633789062,669.6270141601562,277.6351318359375,990.892822265625,439.9230651855469,543.9906005859375,385.4748840332031,305.5265197753906,58.254764556884766,255.6411895751953
20210517,718.79833984375,683.2675170898438,289.12353515625,961.166015625,428.2307739257813,536.1774291992188,374.6333923339844,295.8783264160156,55.827484130859375,255.6411895751953
20210518,788.8507080078125,720.4690551757812,296.78240966796875,1010.710693359375,457.94873046875,558.6401977539062,411.9762573242188,308.7425842285156,61.395957946777344,263.3152160644531
20210519,761.4389038085938,714.268798828125,290.5595397949219,980.98388671875,443.8205261230469,553.7570190429688,397.1194458007813,329.2450256347656,67.5355453491211,262.35595703125
20210520,740.1185913085938,737.8297729492188,279.54986572265625,988.9110717773438,438.4615478515625,553.7570190429688,369.4134216308594,319.19482421875,74.24627685546875,269.55035400390625
20210521,706.6153564453125,755.1904907226562,301.5692138671875,988.9110717773438,439.9230651855469,559.6168823242188,377.8456726074219,315.5767517089844,81.38533782958984,277.2243957519531
20210524,743.1644287109375,829.5934448242188,308.7494201660156,1035.4830322265625,440.8974304199219,554.7337036132812,391.4978942871094,313.56671142578125,89.23831176757812,273.38739013671875
20210525,727.9356079101562,865.5548706054688,309.2281188964844,1065.2098388671875,456.974365234375,569.38330078125,394.3086853027344,313.9687194824219,83.17010498046875,278.18365478515625
20210526,730.9813232421875,838.2738037109375,304.4413146972656,1015.6651611328124,473.05126953125,571.3366088867188,391.0963745117188,319.5968322753906,91.3800277709961,278.18365478515625
20210527,712.706787109375,870.5150756835938,304.4413146972656,984.9474487304688,476.94873046875,568.40673828125,397.9225158691406,311.95867919921875,100.3038558959961,281.5410461425781
20210528,761.4389038085938,866.794921875,299.65447998046875,995.8472900390624,484.2564086914063,576.2198486328125,405.55169677734375,314.7727355957031,110.29854583740234,279.6225280761719
20210531,755.347412109375,912.6768188476562,316.4083251953125,988.9110717773438,486.20513916015625,583.0562744140625,428.8407897949219,317.5867919921875,103.51643371582033,283.9391784667969
20210601,779.7134399414062,848.1942138671875,312.1002197265625,982.9656982421876,493.025634765625,584.032958984375,414.385498046875,324.0189208984375,113.86808013916016,284.8984375
20210602,819.3082885742188,881.675537109375,305.8773498535156,969.0932006835938,478.8974304199219,581.10302734375,399.93017578125,316.3807678222656,114.22503662109376,286.3373107910156
20210603,831.4912719726562,861.834716796875,321.19512939453125,962.1569213867188,487.1794738769531,582.0796508789062,405.55169677734375,315.1747436523437,114.9389419555664,284.8984375
20210604,816.262451171875,837.0337524414062,326.46063232421875,951.2571411132812,489.1282043457031,581.10302734375,401.5363464355469,313.56671142578125,111.012451171875,284.8984375
20210607,855.8573608398438,834.5536499023438,336.9916381835937,984.9474487304688,491.0769348144531,578.173095703125,416.7947082519531,311.95867919921875,109.2276840209961,284.8984375
20210608,807.1253051757812,797.3521728515625,335.0769348144531,982.9656982421876,489.1282043457031,575.2431640625,411.1731872558594,313.56671142578125,117.79457092285156,285.3780517578125
20210609,804.0794677734375,788.6718139648438,346.0865783691406,953.2388916015624,484.74359130859375,572.313232421875,411.9762573242188,310.35064697265625,114.22503662109376,282.9799194335937
20210610,801.03369140625,803.5524291992188,333.640869140625,1000.8017578125,502.7692260742188,585.0095825195312,413.5824279785156,309.9486083984375,113.51112365722656,282.9799194335937
20210611,822.3539428710938,804.7924194335938,330.7687683105469,979.0021362304688,499.8461608886719,587.9396362304688,406.3547668457031,307.9385986328125,124.57666778564452,284.4188232421875
20210615,852.8115234375,810.9927368164062,332.204833984375,974.0476684570312,504.7179565429688,594.7760620117188,419.2039184570313,308.3406066894531,136.71307373046875,289.6947021484375
20210616,864.9945678710938,793.6320190429688,325.9819641113281,965.0,502.7692260742188,590.8695068359375,409.5670776367188,311.95867919921875,146.70777893066406,290.6539611816406
20210617,892.4064331054688,835.793701171875,339.3850402832031,995.0,505.69232177734375,594.3018798828125,408.7639770507813,311.95867919921875,147.06472778320312,287.29656982421875
20210618,925.90966796875,832.0736083984375,344.1718444824219,987.0,502.7692260742188,591.3598022460938,403.9455261230469,309.546630859375,161.69981384277344,287.29656982421875
20210621,1002.0535888671876,837.0337524414062,343.2144775390625,998.0,486.69232177734375,571.7459106445312,387.8840942382813,307.9385986328125,177.7626953125,282.0206604003906
20210622,962.458740234375,835.793701171875,370.4993286132813,1035.0,474.5128173828125,566.8424682617188,382.66412353515625,301.5064697265625,179.19053649902344,283.9391784667969
20210623,995.9620971679688,844.4740600585938,377.2008361816406,1045.0,471.5897521972656,583.5142211914062,393.505615234375,300.7024230957031,161.3428497314453,283.9391784667969
20210624,1084.2890625,889.1159057617188,385.3384399414063,1110.0,496.9230651855469,578.6107788085938,399.1271057128906,300.3004150390625,177.40576171875,278.18365478515625
20210625,1139.1126708984375,907.7166137695312,376.2434997558594,1120.0,483.7692260742188,579.5914916992188,392.7025451660156,295.0743103027344,194.89645385742188,282.9799194335937
20210628,1084.2890625,905.2365112304688,370.9779968261719,1095.0,485.2307739257813,578.6107788085938,398.7255859375,299.49639892578125,214.1719207763672,284.8984375
20210629,1096.471923828125,947.398193359375,372.4140319824219,1105.0,488.1538391113281,583.5142211914062,391.4978942871094,297.4863586425781,208.46067810058597,287.29656982421875
20210630,1148.249755859375,939.9578857421876,372.8927307128906,1075.0,492.05126953125,583.5142211914062,400.7332763671875,298.6923828125,229.1639709472656,290.6539611816406
20210701,1157.38720703125,920.1171264648438,362.8404235839844,1100.0,479.8717956542969,581.5528564453125,403.9455261230469,295.0743103027344,239.87257385253903,285.3780517578125
20210702,1221.347900390625,946.1581420898438,374.8074340820313,1160.0,492.05126953125,576.6493530273438,396.3163757324219,298.2903747558594,233.0904541015625,286.81695556640625
20210705,1189.830078125,946.1581420898438,388.6892395019531,1165.0,507.6410217285156,579.5914916992188,404.7485961914063,302.3104553222656,215.59976196289065,291.6131896972656
20210706,1307.1943359375,927.557373046875,390.125244140625,1150.0,502.7692260742188,580.5721435546875,401.5363464355469,302.3104553222656,211.3163146972656,291.1335754394531
20210707,1339.5706787109375,965.9989624023438,406.4004211425781,1130.0,509.5897521972656,582.5335083007812,396.7178955078125,304.7225341796875,197.39512634277344,291.1335754394531
20210708,1323.3824462890625,987.0797729492188,401.1349487304688,1090.0,510.5641174316406,576.6493530273438,406.3547668457031,306.3305358886719,217.02757263183597,289.2150573730469
20210709,1351.7117919921875,930.0374755859376,400.1775512695313,1080.0,501.79486083984375,572.7265625,395.5132751464844,299.8984069824219,196.3242645263672,282.9799194335937
20210712,1286.9591064453125,997.0001831054688,409.7511901855469,1110.0,506.6666564941406,581.5528564453125,401.5363464355469,306.3305358886719,204.8911590576172,287.29656982421875
20210713,1303.1473388671875,980.8795776367188,402.09228515625,1110.0,508.6153869628906,595.2825927734375,397.5209655761719,302.7124938964844,184.5448303222656,294.490966796875
20210714,1311.241455078125,982.11962890625,415.495361328125,1065.0,507.6410217285156,601.1668090820312,393.9071350097656,304.7225341796875,180.97528076171875,309.83905029296875
20210715,1323.3824462890625,956.0785522460938,401.6135864257813,1090.0,524.2051391601562,602.1474609375,401.1347961425781,304.32049560546875,198.82293701171875,307.4408874511719
20210716,1278.8651123046875,973.4392700195312,417.41009521484375,1080.0,531.025634765625,577.6300659179688,401.1347961425781,302.3104553222656,204.17724609375,306.4816589355469
20210719,1254.582763671875,989.5599365234376,402.09228515625,1115.0,545.6410522460938,570.7651977539062,403.9455261230469,299.0943908691406,204.17724609375,295.4502258300781
20210720,1291.006103515625,969.7825317382812,400.65625,1085.0,537.8461303710938,569.7844848632812,387.8840942382813,298.2903747558594,185.97262573242188,293.00848388671875
20210721,1246.48876953125,956.1061401367188,391.5613098144531,1160.0,554.4102783203125,573.7073364257812,384.270263671875,297.88836669921875,170.26669311523438,298.86865234375
20210722,1274.8179931640625,975.9990844726562,409.2724914550781,1095.0,554.4102783203125,579.5914916992188,399.5286254882813,293.8682861328125,171.33755493164062,295.9385681152344
20210723,1266.7239990234375,964.8092651367188,374.8074340820313,1020.0,545.6410522460938,573.7073364257812,392.7025451660156,285.0240783691406,171.33755493164062,296.9152526855469
20210726,1242.4417724609375,941.1864013671876,369.0632934570313,967.0,552.4615478515625,568.8037719726562,395.11175537109375,285.0240783691406,154.5607452392578,292.03179931640625
20210727,1214.1124267578125,907.6170043945312,359.4896545410156,939.0,597.2820434570312,568.8037719726562,419.2039184570313,288.6421813964844,146.35081481933594,285.1949157714844
20210728,1254.582763671875,908.8602905273438,367.1485595703125,922.0,571.94873046875,567.8231201171875,393.505615234375,284.2200927734375,160.98590087890625,285.1949157714844
20210729,1335.523681640625,925.0233154296876,398.2628479003906,937.0,583.6410522460938,571.7459106445312,403.9455261230469,283.41607666015625,177.04879760742188,284.7065734863281
20210730,1262.6768798828125,936.213134765625,380.0729370117188,899.0,572.923095703125,568.8037719726562,410.3701477050781,282.2100524902344,159.55809020996094,280.3114624023437
20210802,1327.4295654296875,936.213134765625,372.8927307128906,921.0,574.871826171875,578.6107788085938,434.4622802734375,277.4341735839844,165.6262969970703,280.3114624023437
20210803,1428.6055908203125,922.5367431640624,388.2105407714844,916.0,584.6153564453125,582.5335083007812,437.6745910644531,281.77587890625,163.4845733642578,280.7998046875
20210804,1493.358154296875,969.7825317382812,382.32122802734375,887.0,586.5640869140625,584.4949340820312,451.3268127441406,281.3417053222656,166.3402099609375,279.8230895996094
20210805,1529.7816162109375,994.6487426757812,400.1822204589844,928.0,594.3589477539062,584.4949340820312,457.75140380859375,278.7366943359375,157.7733154296875,280.3114624023437
20210806,1529.7816162109375,1017.0283813476562,401.6304016113281,931.0,587.5384521484375,579.5914916992188,449.720703125,280.90753173828125,164.91238403320312,278.3580627441406
20210809,1586.440185546875,1004.59521484375,388.5967102050781,914.0,570.974365234375,583.5142211914062,432.0531005859375,279.6050109863281,163.4845733642578,274.93963623046875
20210810,1554.0638427734375,994.6487426757812,387.1485290527344,920.0,567.076904296875,579.5914916992188,426.43157958984375,277.4341735839844,160.62896728515625,271.52117919921875
20210811,1529.7816162109375,994.6487426757812,371.7012023925781,935.0,548.5640869140625,578.6107788085938,416.7947082519531,280.4733581542969,154.91770935058594,273.4745788574219
20210812,1513.593505859375,994.6487426757812,386.6658020019531,943.0,548.5640869140625,574.68798828125,423.2192993164063,277.0,164.198486328125,270.05615234375
20210813,1436.69970703125,933.7265014648438,366.8739318847656,920.0,528.1025390625,569.7844848632812,408.7639770507813,274.82916259765625,153.48988342285156,267.6144104003906
20210816,1436.69970703125,906.3736572265624,362.52935791015625,894.0,531.025634765625,572.7265625,406.3547668457031,273.5266418457031,153.48988342285156,272.4978942871094
20210817,1380.0411376953125,866.5877075195312,362.52935791015625,882.0,531.025634765625,572.7265625,419.2812194824219,273.5266418457031,153.48988342285156,272.4978942871094
20210818,1392.18212890625,867.8310546875,360.5984497070313,883.0,536.871826171875,562.9196166992188,407.2662353515625,275.697509765625,161.3428497314453,260.7775573730469
20210819,1323.3824462890625,841.7214965820312,347.56475830078125,867.0,503.74359130859375,548.209228515625,389.865234375,270.0533142089844,152.06207275390625,262.7309265136719
20210820,1335.523681640625,879.0208129882812,352.3920593261719,844.0,523.2307739257812,541.3442993164062,389.450927734375,270.921630859375,160.98590087890625,256.8707580566406
20210823,1295.05322265625,917.5634765625,373.6321105957031,871.0,537.8461303710938,555.0740966796875,398.15142822265625,275.697509765625,177.04879760742188,263.7076416015625
20210824,1282.912109375,895.1838989257812,356.7366027832031,839.0,535.8974609375,560.9581909179688,381.9933471679688,273.5266418457031,174.19317626953125,261.7542419433594
20210825,1388.1351318359375,911.346923828125,374.1148376464844,862.0,535.8974609375,573.7073364257812,388.622314453125,276.5658264160156,187.0435028076172,271.0328369140625
20210826,1384.088134765625,890.2106323242188,366.3911743164063,855.0,528.1025390625,582.5335083007812,380.75042724609375,277.0,184.1878662109375,270.05615234375
20210827,1412.41748046875,932.4832153320312,398.7340087890625,847.0,526.1538696289062,587.43701171875,369.5640869140625,275.697509765625,179.9044189453125,272.4978942871094
20210830,1420.511474609375,985.945556640625,405.9749450683594,853.0,533.94873046875,593.3211669921875,376.6073303222656,277.0,177.7626953125,272.9862365722656
20210831,1388.1351318359375,989.675537109375,406.9403991699219,845.0,539.7948608398438,602.1474609375,372.0499267578125,281.3417053222656,177.04879760742188,264.19598388671875
20210901,1278.8651123046875,1065.5174560546875,411.2849731445313,876.0,562.2051391601562,601.1668090820312,383.6506042480469,278.7366943359375,167.7680206298828,265.6610107421875
20210902,1262.6768798828125,1059.3009033203125,398.7340087890625,904.0,551.4871826171875,595.2825927734375,378.26458740234375,274.3949890136719,168.12496948242188,262.2425842285156
20210903,1278.8651123046875,1024.4881591796875,412.25042724609375,862.0,550.5128173828125,608.0316772460938,378.26458740234375,277.4341735839844,158.4872283935547,265.6610107421875
20210906,1307.1943359375,1013.2984008789062,437.8350524902344,840.0,542.7179565429688,618.8193359375,356.3061828613281,280.4733581542969,150.63426208496094,267.1260681152344
20210907,1400.2763671875,1000.8652954101562,423.3531799316406,882.0,532.0,610.9737548828125,357.1347961425781,277.0,165.38192749023438,265.17266845703125
20210908,1456.934814453125,1018.2716674804688,395.837646484375,896.0,525.0,607.0509643554688,352.577392578125,275.2633361816406,168.14486694335938,264.19598388671875
20210909,1416.4644775390625,1003.3519287109376,405.9749450683594,924.0,525.0,607.0509643554688,359.2063293457031,274.3949890136719,163.8031005859375,263.21929931640625
20210910,1493.358154296875,1015.7850341796876,418.0431823730469,927.0,537.0,609.9930419921875,376.1930236816406,274.3949890136719,166.9607391357422,262.7309265136719
20210913,1614.76953125,1028.2181396484375,419.0086364746094,903.428955078125,534.0,603.1281127929688,367.9068298339844,277.86834716796875,165.77662658691406,257.359130859375
20210914,1626.9105224609375,1087.8970947265625,428.6632080078125,899.4752197265625,529.0,601.1668090820312,364.5923461914063,280.0391845703125,159.06661987304688,257.359130859375
20210915,1687.6162109375,1034.4346923828125,433.0077819824219,942.9663696289062,517.0,595.2825927734375,357.1347961425781,280.0391845703125,161.82955932617188,251.9872894287109
20210916,1699.7574462890625,1013.2984008789062,433.4905090332031,945.931640625,518.0,591.095703125,355.4775390625,283.078369140625,158.27720642089844,253.9406890869141
20210917,1639.0517578125,1026.974853515625,444.1105346679688,968.6656494140624,524.0,591.095703125,355.063232421875,283.078369140625,165.77662658691406,250.03390502929688
20210922,1699.7574462890625,1038.1646728515625,427.69775390625,959.7697143554688,488.5,577.303466796875,349.6772155761719,285.2492370605469,160.25074768066406,244.1737365722656
20210923,1655.2398681640625,1059.3009033203125,453.2823791503906,980.0,509.0,579.2738037109375,353.406005859375,287.854248046875,163.8031005859375,245.63877868652344
20210924,1586.440185546875,1097.843505859375,456.6614685058594,950.0,508.0,589.1253662109375,352.99169921875,292.6300964355469,169.72369384765625,253.9406890869141
20210927,1428.6055908203125,1105.303466796875,445.0759887695313,879.0,513.0,593.0660400390625,360.0349426269531,295.6692810058594,164.1977996826172,251.9872894287109
20210928,1323.3824462890625,1107.7900390625,447.00689697265625,905.0,502.0,585.1846923828125,351.33447265625,293.9326171875,160.64544677734375,246.615478515625
20210929,1278.8651123046875,1030.7047119140625,404.5267639160156,887.0,486.0,571.3925170898438,336.8336181640625,285.2492370605469,158.27720642089844,242.7086944580078
20210930,1311.241455078125,1020.75830078125,419.9740905761719,875.0,495.5,571.3925170898438,339.7337951660156,282.6441955566406,160.64544677734375,246.1271209716797
20211001,1274.8179931640625,982.2156372070312,408.38861083984375,790.0,476.5,565.4815063476562,335.1763916015625,278.3025207519531,144.85719299316406,242.2203521728516
20211004,1270.77099609375,964.8092651367188,387.6312561035156,783.0,465.0,563.5111694335938,331.0332946777344,281.3417053222656,130.64776611328125,234.4067840576172
20211005,1214.1124267578125,982.2156372070312,410.3195190429688,772.0,469.0,563.5111694335938,329.3760681152344,281.3417053222656,136.56837463378906,239.29026794433597
20211006,1181.736083984375,953.6195068359376,392.9412841796875,760.0,474.5,562.5260620117188,323.9900207519531,280.4733581542969,127.49011993408205,238.80191040039065
20211007,1238.3946533203125,1002.108642578125,416.1122741699219,804.0,492.0,571.3925170898438,328.13311767578125,292.6300964355469,135.38424682617188,242.7086944580078
20211008,1258.6298828125,1004.59521484375,415.1467895507813,816.0,480.5,566.4666748046875,322.3327941894531,293.4984436035156,133.805419921875,244.66207885742188
20211012,1181.736083984375,964.8092651367188,404.0440368652344,777.0,464.0,566.4666748046875,308.24627685546875,293.4984436035156,121.17481994628906,241.24365234375
20211013,1193.877197265625,963.5659790039062,379.42486572265625,797.0,448.5,562.5260620117188,307.8319702148437,298.2742919921875,122.35894012451172,240.75531005859372
20211014,1311.241455078125,983.458984375,378.942138671875,814.0,461.5,564.496337890625,308.24627685546875,289.5909118652344,129.8583526611328,230.01165771484372
20211015,1375.9940185546875,1015.7850341796876,399.21673583984375,845.0,469.0,591.095703125,323.5757141113281,290.02508544921875,127.0954132080078,234.4067840576172
20211018,1367.9000244140625,994.6487426757812,397.7685546875,844.0,462.0,581.2440795898438,320.6755676269531,291.3276062011719,126.30599975585938,243.68539428710935
20211019,1384.088134765625,1025.7315673828125,434.9386901855469,865.0,478.0,591.095703125,332.2762145996094,294.3667907714844,124.7271728515625,252.9639892578125
20211020,1416.4644775390625,1019.5149536132812,440.7314147949219,849.0,475.0,589.1253662109375,330.6189880371094,299.14263916015625,125.91129302978516,248.56886291503903
20211021,1440.7467041015625,1019.5149536132812,415.1467895507813,845.0,474.0,587.155029296875,327.71881103515625,303.0501708984375,125.51658630371094,247.10382080078125
20211022,1448.8408203125,1064.274169921875,425.28411865234375,826.0,475.0,591.095703125,335.5906982421875,309.1285400390625,120.3853988647461,238.3135681152344
20211025,1363.8529052734375,1068.004150390625,426.7322998046875,815.0,486.0,584.1995239257812,331.4476013183594,306.5235290527344,124.3324737548828,236.84852600097656
20211026,1400.2763671875,1105.303466796875,425.28411865234375,836.0,487.0,590.1104736328125,338.9051818847656,309.5627136230469,123.9377670288086,238.80191040039065
20211027,1375.9940185546875,1101.573486328125,454.2478332519531,869.0,500.0,590.1104736328125,338.4908752441406,310.4310302734375,120.78011322021484,238.80191040039065
20211028,1363.8529052734375,1122.7098388671875,449.4205627441406,840.0,500.0,586.1698608398438,340.1481018066406,307.391845703125,121.17481994628906,246.615478515625
20211029,1448.8408203125,1138.872802734375,473.5569763183594,830.0,499.0,581.2440795898438,344.29119873046875,306.5235290527344,126.30599975585938,239.29026794433597
20211101,1432.6527099609375,1140.1160888671875,496.2452392578125,855.0,500.0,581.2440795898438,346.77703857421875,308.2601928710937,125.12187957763672,251.4989471435547
20211102,1440.7467041015625,1156.2791748046875,507.8307495117188,851.0,491.5,583.21435546875,336.0050048828125,309.1285400390625,127.0954132080078,246.1271209716797
20211103,1343.6177978515625,1164.9822998046875,511.6925659179688,840.0,489.5,583.21435546875,342.63397216796875,309.1285400390625,135.38424682617188,241.24365234375
20211104,1311.241455078125,1189.8486328125,516.5198364257812,844.0,485.5,578.2886352539062,337.6622314453125,311.7335510253906,137.7524871826172,247.5921630859375
20211105,1355.7587890625,1230.8778076171875,538.7254028320312,862.0,499.5,591.095703125,371.2213134765625,316.5093994140625,140.5154266357422,255.89407348632807
20211108,1359.805908203125,1168.7122802734375,517.4852905273438,799.0,505.0,593.0660400390625,378.26458740234375,322.5877990722656,149.98837280273438,253.45233154296875
20211109,1404.3233642578125,1198.5517578125,523.278076171875,767.0,511.0,601.9324340820312,381.9933471679688,326.0611267089844,144.85719299316406,259.80084228515625
20211110,1396.229248046875,1213.471435546875,535.8290405273438,750.0,519.0,602.9176025390625,374.5357971191406,327.7978210449219,139.72601318359375,258.8241577148437
20211111,1371.947021484375,1214.71484375,556.1036376953125,782.0,522.0,597.0066528320312,367.0782165527344,316.9435729980469,125.91129302978516,252.9639892578125
20211112,1319.33544921875,1280.6102294921875,554.1727294921875,792.0,523.0,595.0363159179688,374.1214904785156,312.6018981933594,125.51658630371094,254.91737365722656
20211115,1295.05322265625,1278.1236572265625,542.5872192382812,807.0,542.0,598.9769287109375,389.450927734375,311.7335510253906,123.9377670288086,253.9406890869141
20211116,1343.6177978515625,1324.1260986328125,541.6217651367188,815.0,549.0,600.947265625,389.450927734375,307.8260192871094,127.0954132080078,250.03390502929688
20211117,1416.4644775390625,1330.3426513671875,540.6563110351562,833.0,550.0,600.947265625,406.4376220703125,310.4310302734375,125.12187957763672,255.40573120117188
20211118,1347.664794921875,1319.1529541015625,529.07080078125,833.0,549.0,603.9027709960938,408.9234924316406,312.167724609375,126.7007064819336,253.9406890869141
20211119,1375.9940185546875,1305.4764404296875,529.07080078125,838.0,547.0,608.8285522460938,400.2229919433594,313.0360717773437,123.14835357666016,254.91737365722656
20211122,1327.4295654296875,1243.3109130859375,541.6217651367188,860.0,548.0,605.873046875,405.6090087890625,309.1285400390625,121.9642333984375,252.9639892578125
20211123,1315.2884521484375,1169.95556640625,538.7254028320312,846.0,544.0,602.9176025390625,402.2945251464844,306.08935546875,121.56952667236328,249.0572052001953
20211124,1323.3824462890625,1131.4129638671875,546.4490356445312,836.0,542.0,594.0511474609375,398.15142822265625,308.2601928710937,121.56952667236328,250.03390502929688
20211125,1339.5706787109375,1117.736572265625,559.0,833.0,544.0,594.0511474609375,391.9367980957031,313.47021484375,124.3324737548828,252.9639892578125
20211126,1319.33544921875,1105.303466796875,564.792724609375,819.0,534.0,587.155029296875,383.2362976074219,309.1285400390625,119.99070739746094,246.1271209716797
20211129,1343.6177978515625,1111.52001953125,563.8272705078125,822.0,536.0,584.1995239257812,389.450927734375,308.6943664550781,120.78011322021484,247.5921630859375
20211130,1440.7467041015625,1166.2257080078125,604.3765258789062,855.0,555.0,587.155029296875,385.7221374511719,306.08935546875,123.54306030273438,250.03390502929688
20211201,1351.7117919921875,1157.5224609375,586.998291015625,853.0,549.0,591.095703125,399.80865478515625,312.6018981933594,121.9642333984375,251.9872894287109
20211202,1319.33544921875,1202.28173828125,569.6200561523438,840.0,554.0,605.873046875,402.7088317871094,315.6410827636719,133.805419921875,255.40573120117188
20211203,1319.33544921875,1130.169677734375,580.2400512695312,849.0,555.0,598.9769287109375,408.5091552734375,317.37774658203125,129.8583526611328,255.40573120117188
20211206,1315.2884521484375,1099.0869140625,560.930908203125,844.0,577.0,591.095703125,418.4526062011719,316.9435729980469,139.331298828125,254.91737365722656
20211207,1299.1002197265625,1045.62451171875,565.7581787109375,876.0,565.0,597.9918212890625,425.08154296875,318.24609375,150.77780151367188,256.8707580566406
20211208,1343.6177978515625,1090.3836669921875,564.792724609375,905.0,565.0,593.0660400390625,430.0532531738281,312.6018981933594,155.51426696777344,254.91737365722656
20211209,1339.5706787109375,1116.4932861328125,565.7581787109375,897.0,558.0,598.9769287109375,424.2529296875,318.6802673339844,164.1977996826172,262.7309265136719
20211210,1311.241455078125,1086.65380859375,552.2418212890625,894.0,554.0,596.021484375,420.9384460449219,319.548583984375,166.17132568359375,264.684326171875
20211213,1311.241455078125,1118.9798583984375,554.1727294921875,896.0,556.0,592.0808715820312,430.88189697265625,318.24609375,159.06661987304688,263.7076416015625
20211214,1286.9591064453125,1060.544189453125,536.7944946289062,900.0,545.0,590.1104736328125,415.96673583984375,318.24609375,149.5936737060547,262.7309265136719
20211215,1286.9591064453125,1090.3836669921875,555.13818359375,905.0,553.0,591.095703125,424.2529296875,316.5093994140625,157.09307861328125,261.2658996582031
20211216,1299.1002197265625,1131.4129638671875,552.2418212890625,910.0,569.0,598.7658081054688,442.4825439453125,318.6802673339844,155.11956787109375,259.80084228515625
20211217,1291.006103515625,1164.9822998046875,545.4835815429688,930.0,567.0,600.7452392578125,439.9967041015625,318.24609375,157.88250732421875,262.7309265136719
20211220,1319.33544921875,1151.305908203125,545.4835815429688,935.0,553.0,591.8379516601562,437.5108337402344,318.6802673339844,157.09307861328125,257.84747314453125
20211221,1327.4295654296875,1191.0919189453125,557.069091796875,930.0,569.0,590.8482666015625,443.3111572265625,321.7194519042969,163.40838623046875,259.80084228515625
20211222,1331.4765625,1209.7415771484375,551.2763061523438,949.0,573.0,593.8173828125,440.8253173828125,321.2852783203125,161.04014587402344,259.3125
20211223,1335.523681640625,1193.5784912109375,553.207275390625,974.0,572.0,599.7555541992188,445.7970275878906,322.15362548828125,157.88250732421875,263.7076416015625
20211224,1339.5706787109375,1193.5784912109375,547.4144897460938,984.0,564.0,597.776123046875,439.1680603027344,321.2852783203125,157.09307861328125,264.19598388671875
20211227,1351.7117919921875,1250.770751953125,556.1036376953125,1025.0,576.0,599.7555541992188,439.9967041015625,323.45611572265625,157.09307861328125,269.0794677734375
20211228,1355.7587890625,1255.7440185546875,552.2418212890625,1025.0,583.0,608.6627807617188,444.9684143066406,324.324462890625,158.27720642089844,271.0328369140625
20211229,1347.664794921875,1270.663818359375,549.3453979492188,1015.0,578.0,609.6525268554688,442.4825439453125,324.324462890625,158.6719207763672,271.52117919921875
20211230,1315.2884521484375,1249.5274658203125,552.2418212890625,1020.0,580.0,608.6627807617188,446.6256408691406,326.49530029296875,156.69837951660156,268.5910949707031
